sn_region;sn_locality;sn_section;sub_plot;group_of_plots;sn_site;small_138_cover;small_142_cover;small_146_cover;small_150_cover;small_153_cover;small_211_cover;days_snow_water;date_snow_free;days_pick;days_bull;date_pick;date_bull;date_disturbance;pick_pa;bull_pa;veg_small_1;veg_small_2;field_class_small;field_class_s;field_class_vier;field_class_drei;field_class_large;field_class_large_x;veg_dry;veg_cru;veg_bgr;veg_hea;veg_roc;veg_hmo;veg_lit;veg_gra;veg_cas;veg_mgr;veg_meq;veg_wet;veg_mbr;veg_mwg;veg_wat;goose_count_advent_138;goose_count_advent_142;goose_count_advent_146;goose_count_advent_150;goose_count_advent_153;goose_cum_advent_138;goose_cum_advent_142;goose_cum_advent_146;goose_cum_advent_150;goose_cum_advent_153;goose_count_todalen_138;goose_count_todalen_142;goose_count_todalen_146;goose_count_todalen_150;goose_count_todalen_153;goose_cum_todalen_138;goose_cum_todalen_142;goose_cum_todalen_146;goose_cum_todalen_150;goose_cum_todalen_153
svalbard;ADV;END;t1an1;t1a;t1;p;p;p;n;p;p;0;138;;;138;;138;1;0;most;;dryas_heath;hmo;hmo;dry;dry;hmo;;;;;;1;;;;;;;;;;565;967;1532;1062;335;2556;5785;10606;16306;18037;43;54;110;139;126;282;418;858;1342;1745
svalbard;ADV;END;t1an2;t1a;t1;n;n;n;n;p;p;0;138;;;153;;153;1;0;c;;dryas_heath;cru;na;na;dry;dry;;1;;;;;;;;;;;;;;565;967;1532;1062;335;2556;5785;10606;16306;18037;43;54;110;139;126;282;418;858;1342;1745
svalbard;ADV;END;t1an3;t1a;t1;p;p;n;p;p;p;0;138;;;138;;138;1;0;most;;dryas_heath;hmo;hmo;dry;dry;hmo;;;;;;1;;;;;;;;;;565;967;1532;1062;335;2556;5785;10606;16306;18037;43;54;110;139;126;282;418;858;1342;1745
svalbard;ADV;END;t1an4;t1a;t1;p;p;p;p;p;p;0;138;;;138;;138;1;0;most;;dryas_heath;hmo;hmo;dry;dry;hmo;;;;;;1;;;;;;;;;;565;967;1532;1062;335;2556;5785;10606;16306;18037;43;54;110;139;126;282;418;858;1342;1745
svalbard;ADV;END;t1ae1;t1a;t1;p;p;p;p;p;p;0;138;;;138;;138;1;0;most;;dryas_heath;hmo;hmo;dry;dry;hmo;;;;;;1;;;;;;;;;;565;967;1532;1062;335;2556;5785;10606;16306;18037;43;54;110;139;126;282;418;858;1342;1745
svalbard;ADV;END;t1ae2;t1a;t1;p;n;n;n;n;n;0;138;;;138;;138;1;0;most;;dryas_heath;hmo;hmo;dry;dry;hmo;;;;;;1;;;;;;;;;;565;967;1532;1062;335;2556;5785;10606;16306;18037;43;54;110;139;126;282;418;858;1342;1745
svalbard;ADV;END;t1ae3;t1a;t1;n;n;n;n;n;n;0;138;;;;;;0;0;c;;dryas_heath;cru;na;na;dry;dry;;1;;;;;;;;;;;;;;565;967;1532;1062;335;2556;5785;10606;16306;18037;43;54;110;139;126;282;418;858;1342;1745
svalbard;ADV;END;t1ae4;t1a;t1;p;p;n;n;n;p;0;138;;;138;;138;1;0;most;;dryas_heath;hmo;hmo;dry;dry;hmo;;;;;;1;;;;;;;;;;565;967;1532;1062;335;2556;5785;10606;16306;18037;43;54;110;139;126;282;418;858;1342;1745
svalbard;ADV;END;t1as1;t1a;t1;p;p;p;p;p;p;0;138;;;138;;138;1;0;most;;dryas_heath;hmo;hmo;dry;dry;hmo;;;;;;1;;;;;;;;;;565;967;1532;1062;335;2556;5785;10606;16306;18037;43;54;110;139;126;282;418;858;1342;1745
svalbard;ADV;END;t1as2;t1a;t1;n;p;n;p;p;p;0;138;;;142;;142;1;0;most;;dryas_heath;hmo;hmo;dry;dry;hmo;;;;;;1;;;;;;;;;;565;967;1532;1062;335;2556;5785;10606;16306;18037;43;54;110;139;126;282;418;858;1342;1745
svalbard;ADV;END;t1as3;t1a;t1;n;n;n;n;w;n;0;134;;;;;;0;0;c;;dryas_heath;cru;na;na;dry;dry;;1;;;;;;;;;;;;;;565;967;1532;1062;335;2556;5785;10606;16306;18037;43;54;110;139;126;282;418;858;1342;1745
svalbard;ADV;END;t1as4;t1a;t1;n;p;n;p;p;n;0;138;;;142;;142;1;0;b;c;dryas_heath;bgr;na;na;dry;dry;;1;1;;;;;;;;;;;;;565;967;1532;1062;335;2556;5785;10606;16306;18037;43;54;110;139;126;282;418;858;1342;1745
svalbard;ADV;END;t1aw1;t1a;t1;p;p;n;n;n;p;0;138;;;138;;138;1;0;most;;dryas_heath;hmo;hmo;dry;dry;hmo;;;;;;1;;;;;;;;;;565;967;1532;1062;335;2556;5785;10606;16306;18037;43;54;110;139;126;282;418;858;1342;1745
svalbard;ADV;END;t1aw2;t1a;t1;n;p;p;p;p;p;0;138;;;142;;142;1;0;most;;dryas_heath;hmo;hmo;dry;dry;hmo;;;;;;1;;;;;;;;;;565;967;1532;1062;335;2556;5785;10606;16306;18037;43;54;110;139;126;282;418;858;1342;1745
svalbard;ADV;END;t1aw3;t1a;t1;n;n;n;n;n;n;0;138;;;;;;0;0;most;;dryas_heath;hmo;hmo;dry;dry;hmo;;;;;;1;;;;;;;;;;565;967;1532;1062;335;2556;5785;10606;16306;18037;43;54;110;139;126;282;418;858;1342;1745
svalbard;ADV;END;t1aw4;t1a;t1;n;n;n;n;n;n;0;138;;;;;;0;0;most;;dryas_heath;hmo;hmo;dry;dry;hmo;;;;;;1;;;;;;;;;;565;967;1532;1062;335;2556;5785;10606;16306;18037;43;54;110;139;126;282;418;858;1342;1745
svalbard;ADV;END;t1bn1;t1b;t1;p;n;p;n;n;n;0;138;;;138;;138;1;0;d;ms;dryas_heath;dry;dry;dry;dry;dry;1;;;;;1;;;;;;;;;;565;967;1532;1062;335;2556;5785;10606;16306;18037;43;54;110;139;126;282;418;858;1342;1745
svalbard;ADV;END;t1bn2;t1b;t1;p;p;n;n;p;p;0;138;;;138;;138;1;0;d;ms;dryas_heath;dry;dry;dry;dry;dry;1;;;;;1;;;;;;;;;;565;967;1532;1062;335;2556;5785;10606;16306;18037;43;54;110;139;126;282;418;858;1342;1745
svalbard;ADV;END;t1bn3;t1b;t1;s;s;p;p;p;n;0;146;;;146;;146;1;0;d;lit;dryas_heath;dry;dry;dry;dry;dry;1;;;;;;1;;;;;;;;;565;967;1532;1062;335;2556;5785;10606;16306;18037;43;54;110;139;126;282;418;858;1342;1745
svalbard;ADV;END;t1bn4;t1b;t1;s;s;s;n;n;p;0;150;;;;;;0;0;ms;;dryas_heath;hmo;hmo;dry;dry;hmo;;;;;;1;;;;;;;;;;565;967;1532;1062;335;2556;5785;10606;16306;18037;43;54;110;139;126;282;418;858;1342;1745
svalbard;ADV;END;t1be1;t1b;t1;p;p;p;n;n;n;0;138;;;138;;138;1;0;ms;d;dryas_heath;hmo;hmo;dry;dry;hmo;1;;;;;1;;;;;;;;;;565;967;1532;1062;335;2556;5785;10606;16306;18037;43;54;110;139;126;282;418;858;1342;1745
svalbard;ADV;END;t1be2;t1b;t1;n;n;n;n;n;n;0;138;;;;;;0;0;d;;dryas_heath;dry;dry;dry;dry;dry;1;;;;;;;;;;;;;;;565;967;1532;1062;335;2556;5785;10606;16306;18037;43;54;110;139;126;282;418;858;1342;1745
svalbard;ADV;END;t1be3;t1b;t1;n;n;n;n;n;n;0;138;;;;;;0;0;g;;dryas_heath;gra;na;na;dry;dry;;;;;;;;1;;;;;;;;565;967;1532;1062;335;2556;5785;10606;16306;18037;43;54;110;139;126;282;418;858;1342;1745
svalbard;ADV;END;t1be4;t1b;t1;n;n;n;n;n;n;0;138;;;;;;0;0;g;;dryas_heath;gra;na;na;dry;dry;;;;;;;;1;;;;;;;;565;967;1532;1062;335;2556;5785;10606;16306;18037;43;54;110;139;126;282;418;858;1342;1745
svalbard;ADV;END;t1bs1;t1b;t1;n;n;n;n;p;p;0;134;5;;153;;153;1;0;ms;;dryas_heath;hmo;hmo;dry;dry;hmo;;;;;;1;;;;;;;;;;565;967;1532;1062;335;2556;5785;10606;16306;18037;43;54;110;139;126;282;418;858;1342;1745
svalbard;ADV;END;t1bs2;t1b;t1;n;n;n;n;n;n;0;138;;;;;;0;0;ms;d;dryas_heath;dry;dry;dry;dry;dry;1;;;;;1;;;;;;;;;;565;967;1532;1062;335;2556;5785;10606;16306;18037;43;54;110;139;126;282;418;858;1342;1745
svalbard;ADV;END;t1bs3;t1b;t1;n;n;n;n;n;n;0;138;;;;;;0;0;ms;;dryas_heath;hmo;hmo;dry;dry;hmo;;;;;;1;;;;;;;;;;565;967;1532;1062;335;2556;5785;10606;16306;18037;43;54;110;139;126;282;418;858;1342;1745
svalbard;ADV;END;t1bs4;t1b;t1;s;n;p;p;p;n;1;142;2;;146;;146;1;0;ms;;dryas_heath;hmo;hmo;dry;dry;hmo;;;;;;1;;;;;;;;;;565;967;1532;1062;335;2556;5785;10606;16306;18037;43;54;110;139;126;282;418;858;1342;1745
svalbard;ADV;END;t1bw1;t1b;t1;p;p;p;p;p;p;0;138;1;;138;;138;1;0;ms;;dryas_heath;hmo;hmo;dry;dry;hmo;;;;;;1;;;;;;;;;;565;967;1532;1062;335;2556;5785;10606;16306;18037;43;54;110;139;126;282;418;858;1342;1745
svalbard;ADV;END;t1bw2;t1b;t1;n;n;n;n;n;p;0;138;;;;;;0;0;ms;d;dryas_heath;dry;dry;dry;dry;dry;1;;;;;1;;;;;;;;;;565;967;1532;1062;335;2556;5785;10606;16306;18037;43;54;110;139;126;282;418;858;1342;1745
svalbard;ADV;END;t1bw3;t1b;t1;s;n;n;n;n;n;1;142;;;;;;0;0;ms;d;dryas_heath;dry;dry;dry;dry;dry;1;;;;;1;;;;;;;;;;565;967;1532;1062;335;2556;5785;10606;16306;18037;43;54;110;139;126;282;418;858;1342;1745
svalbard;ADV;END;t1bw4;t1b;t1;s;s;s;n;n;n;3;150;;;;;;0;0;ms;;dryas_heath;hmo;hmo;dry;dry;hmo;;;;;;1;;;;;;;;;;565;967;1532;1062;335;2556;5785;10606;16306;18037;43;54;110;139;126;282;418;858;1342;1745
svalbard;ADV;END;t1cn1;t1c;t1;s;s;s;n;n;n;3;150;;;;;;0;0;d;c;dryas_heath;dry;dry;dry;dry;dry;1;1;;;;;;;;;;;;;;565;967;1532;1062;335;2556;5785;10606;16306;18037;43;54;110;139;126;282;418;858;1342;1745
svalbard;ADV;END;t1cn2;t1c;t1;s;s;s;s;n;n;4;153;;;;;;0;0;c;;dryas_heath;cru;na;na;dry;dry;;1;;;;;;;;;;;;;;565;967;1532;1062;335;2556;5785;10606;16306;18037;43;54;110;139;126;282;418;858;1342;1745
svalbard;ADV;END;t1cn3;t1c;t1;s;s;s;s;s;n;5;late;;;;;;0;0;d;lit;dryas_heath;dry;dry;dry;dry;dry;1;;;;;;1;;;;;;;;;565;967;1532;1062;335;2556;5785;10606;16306;18037;43;54;110;139;126;282;418;858;1342;1745
svalbard;ADV;END;t1cn4;t1c;t1;s;s;s;s;s;n;5;late;;;;;;0;0;d;lit;dryas_heath;dry;dry;dry;dry;dry;1;;;;;;1;;;;;;;;;565;967;1532;1062;335;2556;5785;10606;16306;18037;43;54;110;139;126;282;418;858;1342;1745
svalbard;ADV;END;t1ce1;t1c;t1;s;s;s;n;n;n;3;150;;;;;;0;0;d;ms;dryas_heath;dry;dry;dry;dry;dry;1;;;;;1;;;;;;;;;;565;967;1532;1062;335;2556;5785;10606;16306;18037;43;54;110;139;126;282;418;858;1342;1745
svalbard;ADV;END;t1ce2;t1c;t1;s;s;s;s;s;n;5;late;;;;;;0;0;c;ms;dryas_heath;hmo;hmo;dry;dry;hmo;;1;;;;1;;;;;;;;;;565;967;1532;1062;335;2556;5785;10606;16306;18037;43;54;110;139;126;282;418;858;1342;1745
svalbard;ADV;END;t1ce3;t1c;t1;s;s;s;s;n;n;4;153;;;;;;0;0;ms;c;dryas_heath;hmo;hmo;dry;dry;hmo;;1;;;;1;;;;;;;;;;565;967;1532;1062;335;2556;5785;10606;16306;18037;43;54;110;139;126;282;418;858;1342;1745
svalbard;ADV;END;t1ce4;t1c;t1;s;s;s;n;n;n;3;150;;;;;;0;0;d;ms;dryas_heath;dry;dry;dry;dry;dry;1;;;;;1;;;;;;;;;;565;967;1532;1062;335;2556;5785;10606;16306;18037;43;54;110;139;126;282;418;858;1342;1745
svalbard;ADV;END;t1cs1;t1c;t1;s;s;s;s;n;n;4;153;;;;;;0;0;d;c;dryas_heath;dry;dry;dry;dry;dry;1;1;;;;;;;;;;;;;;565;967;1532;1062;335;2556;5785;10606;16306;18037;43;54;110;139;126;282;418;858;1342;1745
svalbard;ADV;END;t1cs2;t1c;t1;s;s;s;s;n;n;4;153;;;;;;0;0;ms;r;dryas_heath;hmo;hmo;dry;dry;hmo;;;;;1;1;;;;;;;;;;565;967;1532;1062;335;2556;5785;10606;16306;18037;43;54;110;139;126;282;418;858;1342;1745
svalbard;ADV;END;t1cs3;t1c;t1;s;s;s;s;s;p;4;late;;;;;;0;0;c;ms;dryas_heath;hmo;hmo;dry;dry;hmo;;1;;;;1;;;;;;;;;;565;967;1532;1062;335;2556;5785;10606;16306;18037;43;54;110;139;126;282;418;858;1342;1745
svalbard;ADV;END;t1cs4;t1c;t1;s;s;s;s;s;n;5;late;;;;;;0;0;c;cas;cassiope;cas;dry;dry;dry;dry;;1;;;;;;;1;;;;;;;565;967;1532;1062;335;2556;5785;10606;16306;18037;43;54;110;139;126;282;418;858;1342;1745
svalbard;ADV;END;t1cw1;t1c;t1;s;s;s;s;n;n;4;153;;;;;;0;0;c;;dryas_heath;cru;na;na;dry;dry;;1;;;;;;;;;;;;;;565;967;1532;1062;335;2556;5785;10606;16306;18037;43;54;110;139;126;282;418;858;1342;1745
svalbard;ADV;END;t1cw2;t1c;t1;s;s;s;s;n;n;4;153;;;;;;0;0;ms;d;dryas_heath;dry;dry;dry;dry;dry;1;;;;;1;;;;;;;;;;565;967;1532;1062;335;2556;5785;10606;16306;18037;43;54;110;139;126;282;418;858;1342;1745
svalbard;ADV;END;t1cw3;t1c;t1;s;s;s;s;s;n;5;late;;;;;;0;0;c;d;dryas_heath;dry;dry;dry;dry;dry;1;1;;;;;;;;;;;;;;565;967;1532;1062;335;2556;5785;10606;16306;18037;43;54;110;139;126;282;418;858;1342;1745
svalbard;ADV;END;t1cw4;t1c;t1;s;s;s;s;s;n;5;late;;;;;;0;0;c;d;dryas_heath;dry;dry;dry;dry;dry;1;1;;;;;;;;;;;;;;565;967;1532;1062;335;2556;5785;10606;16306;18037;43;54;110;139;126;282;418;858;1342;1745
svalbard;ADV;END;t2an1;t2a;t2;b;b;b;b;b;b;0;134;;1;;138;138;0;1;mhb;;moss_herbaceous;mgr;moist;moist;moist;moist;;;;;;;;;;1;;;;;;565;967;1532;1062;335;2556;5785;10606;16306;18037;43;54;110;139;126;282;418;858;1342;1745
svalbard;ADV;END;t2an2;t2a;t2;b;b;b;b;b;b;0;138;;1;;138;138;0;1;mhb;;moss_herbaceous;mgr;moist;moist;moist;moist;;;;;;;;;;1;;;;;;565;967;1532;1062;335;2556;5785;10606;16306;18037;43;54;110;139;126;282;418;858;1342;1745
svalbard;ADV;END;t2an3;t2a;t2;b;b;b;b;b;b;0;134;;1;;138;138;0;1;mhb;;moss_herbaceous;mgr;moist;moist;moist;moist;;;;;;;;;;1;;;;;;565;967;1532;1062;335;2556;5785;10606;16306;18037;43;54;110;139;126;282;418;858;1342;1745
svalbard;ADV;END;t2an4;t2a;t2;s;s;p;b;b;b;2;146;1;2;146;150;146;1;1;mhb;;moss_herbaceous;mgr;moist;moist;moist;moist;;;;;;;;;;1;;;;;;565;967;1532;1062;335;2556;5785;10606;16306;18037;43;54;110;139;126;282;418;858;1342;1745
svalbard;ADV;END;t2ae1;t2a;t2;b;b;b;b;b;b;0;138;;1;;138;138;0;1;mhb;;moss_herbaceous;mgr;moist;moist;moist;moist;;;;;;;;;;1;;;;;;565;967;1532;1062;335;2556;5785;10606;16306;18037;43;54;110;139;126;282;418;858;1342;1745
svalbard;ADV;END;t2ae2;t2a;t2;p;b;p;b;b;b;0;138;1;2;138;142;138;1;1;mhb;;moss_herbaceous;mgr;moist;moist;moist;moist;;;;;;;;;;1;;;;;;565;967;1532;1062;335;2556;5785;10606;16306;18037;43;54;110;139;126;282;418;858;1342;1745
svalbard;ADV;END;t2ae3;t2a;t2;s;s;s;n;b;p;3;150;;2;;153;153;0;1;mhb;;moss_herbaceous;mgr;moist;moist;moist;moist;;;;;;;;;;1;;;;;;565;967;1532;1062;335;2556;5785;10606;16306;18037;43;54;110;139;126;282;418;858;1342;1745
svalbard;ADV;END;t2ae4;t2a;t2;s;s;s;p;b;b;3;150;1;2;150;153;150;1;1;mhb;;moss_herbaceous;mgr;moist;moist;moist;moist;;;;;;;;;;1;;;;;;565;967;1532;1062;335;2556;5785;10606;16306;18037;43;54;110;139;126;282;418;858;1342;1745
svalbard;ADV;END;t2as1;t2a;t2;b;b;b;b;b;b;0;138;;1;;138;138;0;1;mhb;;moss_herbaceous;mgr;moist;moist;moist;moist;;;;;;;;;;1;;;;;;565;967;1532;1062;335;2556;5785;10606;16306;18037;43;54;110;139;126;282;418;858;1342;1745
svalbard;ADV;END;t2as2;t2a;t2;s;s;b;b;b;b;2;146;;1;;146;146;0;1;mhb;;moss_herbaceous;mgr;moist;moist;moist;moist;;;;;;;;;;1;;;;;;565;967;1532;1062;335;2556;5785;10606;16306;18037;43;54;110;139;126;282;418;858;1342;1745
svalbard;ADV;END;t2as3;t2a;t2;s;s;s;b;b;b;3;150;;1;;150;150;0;1;mhb;;moss_herbaceous;mgr;moist;moist;moist;moist;;;;;;;;;;1;;;;;;565;967;1532;1062;335;2556;5785;10606;16306;18037;43;54;110;139;126;282;418;858;1342;1745
svalbard;ADV;END;t2as4;t2a;t2;s;s;s;s;b;b;4;153;;1;;153;153;0;1;meb;;moss_herbaceous;mgr;moist;moist;moist;moist;;;;;;;;;;1;;;;;;565;967;1532;1062;335;2556;5785;10606;16306;18037;43;54;110;139;126;282;418;858;1342;1745
svalbard;ADV;END;t2aw1;t2a;t2;b;b;b;b;b;b;0;138;;1;;138;138;0;1;mhb;;moss_herbaceous;mgr;moist;moist;moist;moist;;;;;;;;;;1;;;;;;565;967;1532;1062;335;2556;5785;10606;16306;18037;43;54;110;139;126;282;418;858;1342;1745
svalbard;ADV;END;t2aw2;t2a;t2;n;b;b;b;b;b;0;134;;2;;142;142;0;1;mhb;;moss_herbaceous;mgr;moist;moist;moist;moist;;;;;;;;;;1;;;;;;565;967;1532;1062;335;2556;5785;10606;16306;18037;43;54;110;139;126;282;418;858;1342;1745
svalbard;ADV;END;t2aw3;t2a;t2;s;n;n;b;b;b;1;142;;3;;150;150;0;1;mhb;;moss_herbaceous;mgr;moist;moist;moist;moist;;;;;;;;;;1;;;;;;565;967;1532;1062;335;2556;5785;10606;16306;18037;43;54;110;139;126;282;418;858;1342;1745
svalbard;ADV;END;t2aw4;t2a;t2;s;s;p;b;b;b;2;146;1;2;146;150;146;1;1;mhb;;moss_herbaceous;mgr;moist;moist;moist;moist;;;;;;;;;;1;;;;;;565;967;1532;1062;335;2556;5785;10606;16306;18037;43;54;110;139;126;282;418;858;1342;1745
svalbard;ADV;END;t2bn1;t2b;t2;b;b;b;b;b;b;0;134;;1;;138;138;0;1;mhb;;moss_herbaceous;mgr;moist;moist;moist;moist;;;;;;;;;;1;;;;;;565;967;1532;1062;335;2556;5785;10606;16306;18037;43;54;110;139;126;282;418;858;1342;1745
svalbard;ADV;END;t2bn2;t2b;t2;s;s;n;n;n;n;2;146;;;;;;0;0;mh;;moss_herbaceous;mgr;moist;moist;moist;moist;;;;;;;;;;1;;;;;;565;967;1532;1062;335;2556;5785;10606;16306;18037;43;54;110;139;126;282;418;858;1342;1745
svalbard;ADV;END;t2bn3;t2b;t2;s;s;s;s;w;p;5;153;;;;;;0;0;mh;;moss_herbaceous;mgr;moist;moist;moist;moist;;;;;;;;;;1;;;;;;565;967;1532;1062;335;2556;5785;10606;16306;18037;43;54;110;139;126;282;418;858;1342;1745
svalbard;ADV;END;t2bn4;t2b;t2;s;s;s;s;w;n;5;153;;;;;;0;0;me;;moss_herbaceous;mgr;moist;moist;moist;moist;;;;;;;;;;;1;;;;;565;967;1532;1062;335;2556;5785;10606;16306;18037;43;54;110;139;126;282;418;858;1342;1745
svalbard;ADV;END;t2be1;t2b;t2;b;b;b;b;b;p;0;138;;1;;138;138;0;1;mh;;moss_herbaceous;mgr;moist;moist;moist;moist;;;;;;;;;;1;;;;;;565;967;1532;1062;335;2556;5785;10606;16306;18037;43;54;110;139;126;282;418;858;1342;1745
svalbard;ADV;END;t2be2;t2b;t2;p;b;b;b;b;p;0;138;1;2;138;142;138;1;1;mh;;moss_herbaceous;mgr;moist;moist;moist;moist;;;;;;;;;;1;;;;;;565;967;1532;1062;335;2556;5785;10606;16306;18037;43;54;110;139;126;282;418;858;1342;1745
svalbard;ADV;END;t2be3;t2b;t2;n;n;p;n;n;p;0;138;3;;146;;146;1;0;mh;;moss_herbaceous;mgr;moist;moist;moist;moist;;;;;;;;;;1;;;;;;565;967;1532;1062;335;2556;5785;10606;16306;18037;43;54;110;139;126;282;418;858;1342;1745
svalbard;ADV;END;t2be4;t2b;t2;s;n;n;n;n;n;1;142;;;;;;0;0;mh;;moss_herbaceous;mgr;moist;moist;moist;moist;;;;;;;;;;1;;;;;;565;967;1532;1062;335;2556;5785;10606;16306;18037;43;54;110;139;126;282;418;858;1342;1745
svalbard;ADV;END;t2bs1;t2b;t2;s;p;p;p;p;p;1;142;1;;142;;142;1;0;mh;;moss_herbaceous;mgr;moist;moist;moist;moist;;;;;;;;;;1;;;;;;565;967;1532;1062;335;2556;5785;10606;16306;18037;43;54;110;139;126;282;418;858;1342;1745
svalbard;ADV;END;t2bs2;t2b;t2;s;s;s;p;p;p;3;150;1;;150;;150;1;0;mh;;moss_herbaceous;mgr;moist;moist;moist;moist;;;;;;;;;;1;;;;;;565;967;1532;1062;335;2556;5785;10606;16306;18037;43;54;110;139;126;282;418;858;1342;1745
svalbard;ADV;END;t2bs3;t2b;t2;s;s;s;b;b;b;3;150;;1;;150;150;0;1;mhb;;moss_herbaceous;mgr;moist;moist;moist;moist;;;;;;;;;;1;;;;;;565;967;1532;1062;335;2556;5785;10606;16306;18037;43;54;110;139;126;282;418;858;1342;1745
svalbard;ADV;END;t2bs4;t2b;t2;s;s;s;b;b;p;3;150;;1;;150;150;0;1;mh;;moss_herbaceous;mgr;moist;moist;moist;moist;;;;;;;;;;1;;;;;;565;967;1532;1062;335;2556;5785;10606;16306;18037;43;54;110;139;126;282;418;858;1342;1745
svalbard;ADV;END;t2bw1;t2b;t2;b;b;b;b;b;b;0;134;;1;;138;138;0;1;mhb;;moss_herbaceous;mgr;moist;moist;moist;moist;;;;;;;;;;1;;;;;;565;967;1532;1062;335;2556;5785;10606;16306;18037;43;54;110;139;126;282;418;858;1342;1745
svalbard;ADV;END;t2bw2;t2b;t2;n;n;n;n;n;n;0;138;;;;;;0;0;mh;;moss_herbaceous;mgr;moist;moist;moist;moist;;;;;;;;;;1;;;;;;565;967;1532;1062;335;2556;5785;10606;16306;18037;43;54;110;139;126;282;418;858;1342;1745
svalbard;ADV;END;t2bw3;t2b;t2;s;s;s;p;b;b;3;150;1;2;150;153;150;1;1;mhb;;moss_herbaceous;mgr;moist;moist;moist;moist;;;;;;;;;;1;;;;;;565;967;1532;1062;335;2556;5785;10606;16306;18037;43;54;110;139;126;282;418;858;1342;1745
svalbard;ADV;END;t2bw4;t2b;t2;s;s;n;n;b;p;2;146;;3;;153;153;0;1;mh;;moss_herbaceous;mgr;moist;moist;moist;moist;;;;;;;;;;1;;;;;;565;967;1532;1062;335;2556;5785;10606;16306;18037;43;54;110;139;126;282;418;858;1342;1745
svalbard;ADV;END;t2cn1;t2c;t2;s;s;s;n;n;n;3;150;;;;;;0;0;c;mh;moss_herbaceous;mgr;moist;moist;moist;moist;;1;;;;;;;;1;;;;;;565;967;1532;1062;335;2556;5785;10606;16306;18037;43;54;110;139;126;282;418;858;1342;1745
svalbard;ADV;END;t2cn2;t2c;t2;s;s;s;s;s;n;5;late;;;;;;0;0;mh;;moss_herbaceous;mgr;moist;moist;moist;moist;;;;;;;;;;1;;;;;;565;967;1532;1062;335;2556;5785;10606;16306;18037;43;54;110;139;126;282;418;858;1342;1745
svalbard;ADV;END;t2cn3;t2c;t2;s;s;s;s;s;n;5;late;;;;;;0;0;mh;;moss_herbaceous;mgr;moist;moist;moist;moist;;;;;;;;;;1;;;;;;565;967;1532;1062;335;2556;5785;10606;16306;18037;43;54;110;139;126;282;418;858;1342;1745
svalbard;ADV;END;t2cn4;t2c;t2;s;s;s;s;s;n;5;late;;;;;;0;0;mh;;moss_herbaceous;mgr;moist;moist;moist;moist;;;;;;;;;;1;;;;;;565;967;1532;1062;335;2556;5785;10606;16306;18037;43;54;110;139;126;282;418;858;1342;1745
svalbard;ADV;END;t2ce1;t2c;t2;s;s;n;n;n;n;2;146;;;;;;0;0;mh;c;moss_herbaceous;mgr;moist;moist;moist;moist;;1;;;;;;;;1;;;;;;565;967;1532;1062;335;2556;5785;10606;16306;18037;43;54;110;139;126;282;418;858;1342;1745
svalbard;ADV;END;t2ce2;t2c;t2;s;s;s;s;n;n;4;153;;;;;;0;0;mh;c;moss_herbaceous;mgr;moist;moist;moist;moist;;1;;;;;;;;1;;;;;;565;967;1532;1062;335;2556;5785;10606;16306;18037;43;54;110;139;126;282;418;858;1342;1745
svalbard;ADV;END;t2ce3;t2c;t2;s;s;s;s;s;n;5;late;;;;;;0;0;mh;c;moss_herbaceous;mgr;moist;moist;moist;moist;;1;;;;;;;;1;;;;;;565;967;1532;1062;335;2556;5785;10606;16306;18037;43;54;110;139;126;282;418;858;1342;1745
svalbard;ADV;END;t2ce4;t2c;t2;s;s;s;s;n;n;4;153;;;;;;0;0;mh;c;moss_herbaceous;mgr;moist;moist;moist;moist;;1;;;;;;;;1;;;;;;565;967;1532;1062;335;2556;5785;10606;16306;18037;43;54;110;139;126;282;418;858;1342;1745
svalbard;ADV;END;t2cs1;t2c;t2;s;s;s;n;n;n;3;150;;;;;;0;0;mh;c;moss_herbaceous;mgr;moist;moist;moist;moist;;1;;;;;;;;1;;;;;;565;967;1532;1062;335;2556;5785;10606;16306;18037;43;54;110;139;126;282;418;858;1342;1745
svalbard;ADV;END;t2cs2;t2c;t2;s;s;s;s;s;n;5;late;;;;;;0;0;mh;c;moss_herbaceous;mgr;moist;moist;moist;moist;;1;;;;;;;;1;;;;;;565;967;1532;1062;335;2556;5785;10606;16306;18037;43;54;110;139;126;282;418;858;1342;1745
svalbard;ADV;END;t2cs3;t2c;t2;s;s;s;s;s;n;5;late;;;;;;0;0;mh;c;moss_herbaceous;mgr;moist;moist;moist;moist;;1;;;;;;;;1;;;;;;565;967;1532;1062;335;2556;5785;10606;16306;18037;43;54;110;139;126;282;418;858;1342;1745
svalbard;ADV;END;t2cs4;t2c;t2;s;s;s;s;n;n;4;153;;;;;;0;0;mh;d;moss_herbaceous;mgr;moist;moist;moist;moist;1;;;;;;;;;1;;;;;;565;967;1532;1062;335;2556;5785;10606;16306;18037;43;54;110;139;126;282;418;858;1342;1745
svalbard;ADV;END;t2cw1;t2c;t2;s;s;n;n;n;p;2;146;;;;;;0;0;mh;;moss_herbaceous;mgr;moist;moist;moist;moist;;;;;;;;;;1;;;;;;565;967;1532;1062;335;2556;5785;10606;16306;18037;43;54;110;139;126;282;418;858;1342;1745
svalbard;ADV;END;t2cw2;t2c;t2;s;s;s;s;s;n;5;late;;;;;;0;0;mh;;moss_herbaceous;mgr;moist;moist;moist;moist;;;;;;;;;;1;;;;;;565;967;1532;1062;335;2556;5785;10606;16306;18037;43;54;110;139;126;282;418;858;1342;1745
svalbard;ADV;END;t2cw3;t2c;t2;s;s;s;s;s;p;5;late;;;;;;0;0;mw;c;wetland_moss;wet;wet;wet;wet;wet;;1;;;;;;;;;;1;;;;565;967;1532;1062;335;2556;5785;10606;16306;18037;43;54;110;139;126;282;418;858;1342;1745
svalbard;ADV;END;t2cw4;t2c;t2;s;s;s;s;n;n;4;153;;;;;;0;0;mh;c;moss_herbaceous;mgr;moist;moist;moist;moist;;1;;;;;;;;1;;;;;;565;967;1532;1062;335;2556;5785;10606;16306;18037;43;54;110;139;126;282;418;858;1342;1745
svalbard;ADV;END;t2dn1;t2d;t2;s;s;s;n;n;n;3;150;;;;;;0;0;mh;;moss_herbaceous;mgr;moist;moist;moist;moist;;;;;;;;;;1;;;;;;565;967;1532;1062;335;2556;5785;10606;16306;18037;43;54;110;139;126;282;418;858;1342;1745
svalbard;ADV;END;t2dn2;t2d;t2;s;s;s;s;n;n;4;153;;;;;;0;0;mh;;moss_herbaceous;mgr;moist;moist;moist;moist;;;;;;;;;;1;;;;;;565;967;1532;1062;335;2556;5785;10606;16306;18037;43;54;110;139;126;282;418;858;1342;1745
svalbard;ADV;END;t2dn3;t2d;t2;s;s;s;n;n;n;3;150;;;;;;0;0;mh;;moss_herbaceous;mgr;moist;moist;moist;moist;;;;;;;;;;1;;;;;;565;967;1532;1062;335;2556;5785;10606;16306;18037;43;54;110;139;126;282;418;858;1342;1745
svalbard;ADV;END;t2dn4;t2d;t2;s;s;s;s;n;n;4;153;;;;;;0;0;mh;;moss_herbaceous;mgr;moist;moist;moist;moist;;;;;;;;;;1;;;;;;565;967;1532;1062;335;2556;5785;10606;16306;18037;43;54;110;139;126;282;418;858;1342;1745
svalbard;ADV;END;t2de1;t2d;t2;s;s;s;p;n;n;3;150;1;;150;;150;1;0;mh;;moss_herbaceous;mgr;moist;moist;moist;moist;;;;;;;;;;1;;;;;;565;967;1532;1062;335;2556;5785;10606;16306;18037;43;54;110;139;126;282;418;858;1342;1745
svalbard;ADV;END;t2de2;t2d;t2;s;s;s;p;p;n;3;150;1;;150;;150;1;0;mh;;moss_herbaceous;mgr;moist;moist;moist;moist;;;;;;;;;;1;;;;;;565;967;1532;1062;335;2556;5785;10606;16306;18037;43;54;110;139;126;282;418;858;1342;1745
svalbard;ADV;END;t2de3;t2d;t2;s;s;s;s;p;n;4;153;1;;153;;153;1;0;mh;;moss_herbaceous;mgr;moist;moist;moist;moist;;;;;;;;;;1;;;;;;565;967;1532;1062;335;2556;5785;10606;16306;18037;43;54;110;139;126;282;418;858;1342;1745
svalbard;ADV;END;t2de4;t2d;t2;s;s;s;p;p;n;3;150;1;;150;;150;1;0;mh;;moss_herbaceous;mgr;moist;moist;moist;moist;;;;;;;;;;1;;;;;;565;967;1532;1062;335;2556;5785;10606;16306;18037;43;54;110;139;126;282;418;858;1342;1745
svalbard;ADV;END;t2ds1;t2d;t2;s;s;s;n;p;n;3;150;2;;153;;153;1;0;mh;;moss_herbaceous;mgr;moist;moist;moist;moist;;;;;;;;;;1;;;;;;565;967;1532;1062;335;2556;5785;10606;16306;18037;43;54;110;139;126;282;418;858;1342;1745
svalbard;ADV;END;t2ds2;t2d;t2;s;s;s;s;s;n;5;late;;;;;;0;0;mh;c;moss_herbaceous;mgr;moist;moist;moist;moist;;1;;;;;;;;1;;;;;;565;967;1532;1062;335;2556;5785;10606;16306;18037;43;54;110;139;126;282;418;858;1342;1745
svalbard;ADV;END;t2ds3;t2d;t2;s;s;s;s;s;p;5;late;;;;;;0;0;mh;;moss_herbaceous;mgr;moist;moist;moist;moist;;;;;;;;;;1;;;;;;565;967;1532;1062;335;2556;5785;10606;16306;18037;43;54;110;139;126;282;418;858;1342;1745
svalbard;ADV;END;t2ds4;t2d;t2;s;s;s;s;n;n;4;153;;;;;;0;0;mh;;moss_herbaceous;mgr;moist;moist;moist;moist;;;;;;;;;;1;;;;;;565;967;1532;1062;335;2556;5785;10606;16306;18037;43;54;110;139;126;282;418;858;1342;1745
svalbard;ADV;END;t2dw1;t2d;t2;s;s;s;n;n;n;3;150;;;;;;0;0;mh;me;moss_herbaceous;meq;moist;moist;moist;moist;;;;;;;;;;1;1;;;;;565;967;1532;1062;335;2556;5785;10606;16306;18037;43;54;110;139;126;282;418;858;1342;1745
svalbard;ADV;END;t2dw2;t2d;t2;s;s;s;n;n;n;3;150;;;;;;0;0;mh;;moss_herbaceous;mgr;moist;moist;moist;moist;;;;;;;;;;1;;;;;;565;967;1532;1062;335;2556;5785;10606;16306;18037;43;54;110;139;126;282;418;858;1342;1745
svalbard;ADV;END;t2dw3;t2d;t2;s;s;s;n;n;n;3;150;;;;;;0;0;mh;;moss_herbaceous;mgr;moist;moist;moist;moist;;;;;;;;;;1;;;;;;565;967;1532;1062;335;2556;5785;10606;16306;18037;43;54;110;139;126;282;418;858;1342;1745
svalbard;ADV;END;t2dw4;t2d;t2;s;s;s;s;n;n;4;153;;;;;;0;0;mh;;moss_herbaceous;mgr;moist;moist;moist;moist;;;;;;;;;;1;;;;;;565;967;1532;1062;335;2556;5785;10606;16306;18037;43;54;110;139;126;282;418;858;1342;1745
svalbard;ADV;END;t2en1;t2e;t2;s;s;s;s;n;n;4;153;;;;;;0;0;mh;;moss_herbaceous;mgr;moist;moist;moist;moist;;;;;;;;;;1;;;;;;565;967;1532;1062;335;2556;5785;10606;16306;18037;43;54;110;139;126;282;418;858;1342;1745
svalbard;ADV;END;t2en2;t2e;t2;s;s;s;n;n;p;3;150;;;;;;0;0;mh;;moss_herbaceous;mgr;moist;moist;moist;moist;;;;;;;;;;1;;;;;;565;967;1532;1062;335;2556;5785;10606;16306;18037;43;54;110;139;126;282;418;858;1342;1745
svalbard;ADV;END;t2en3;t2e;t2;s;s;s;n;n;p;3;150;;;;;;0;0;mh;;moss_herbaceous;mgr;moist;moist;moist;moist;;;;;;;;;;1;;;;;;565;967;1532;1062;335;2556;5785;10606;16306;18037;43;54;110;139;126;282;418;858;1342;1745
svalbard;ADV;END;t2en4;t2e;t2;s;s;s;n;n;n;3;150;;;;;;0;0;mh;;moss_herbaceous;mgr;moist;moist;moist;moist;;;;;;;;;;1;;;;;;565;967;1532;1062;335;2556;5785;10606;16306;18037;43;54;110;139;126;282;418;858;1342;1745
svalbard;ADV;END;t2ee1;t2e;t2;s;s;s;s;n;n;4;153;;;;;;0;0;mh;;moss_herbaceous;mgr;moist;moist;moist;moist;;;;;;;;;;1;;;;;;565;967;1532;1062;335;2556;5785;10606;16306;18037;43;54;110;139;126;282;418;858;1342;1745
svalbard;ADV;END;t2ee2;t2e;t2;s;s;s;s;n;n;4;153;;;;;;0;0;mh;;moss_herbaceous;mgr;moist;moist;moist;moist;;;;;;;;;;1;;;;;;565;967;1532;1062;335;2556;5785;10606;16306;18037;43;54;110;139;126;282;418;858;1342;1745
svalbard;ADV;END;t2ee3;t2e;t2;s;s;s;s;n;n;4;153;;;;;;0;0;mh;;moss_herbaceous;mgr;moist;moist;moist;moist;;;;;;;;;;1;;;;;;565;967;1532;1062;335;2556;5785;10606;16306;18037;43;54;110;139;126;282;418;858;1342;1745
svalbard;ADV;END;t2ee4;t2e;t2;s;s;s;s;n;n;4;153;;;;;;0;0;mh;;moss_herbaceous;mgr;moist;moist;moist;moist;;;;;;;;;;1;;;;;;565;967;1532;1062;335;2556;5785;10606;16306;18037;43;54;110;139;126;282;418;858;1342;1745
svalbard;ADV;END;t2es1;t2e;t2;s;s;s;s;n;n;4;153;;;;;;0;0;mh;;moss_herbaceous;mgr;moist;moist;moist;moist;;;;;;;;;;1;;;;;;565;967;1532;1062;335;2556;5785;10606;16306;18037;43;54;110;139;126;282;418;858;1342;1745
svalbard;ADV;END;t2es2;t2e;t2;s;s;s;s;n;n;4;153;;;;;;0;0;mh;;moss_herbaceous;mgr;moist;moist;moist;moist;;;;;;;;;;1;;;;;;565;967;1532;1062;335;2556;5785;10606;16306;18037;43;54;110;139;126;282;418;858;1342;1745
svalbard;ADV;END;t2es3;t2e;t2;s;s;s;s;n;n;4;153;;;;;;0;0;mh;;moss_herbaceous;mgr;moist;moist;moist;moist;;;;;;;;;;1;;;;;;565;967;1532;1062;335;2556;5785;10606;16306;18037;43;54;110;139;126;282;418;858;1342;1745
svalbard;ADV;END;t2es4;t2e;t2;s;s;s;s;n;n;4;153;;;;;;0;0;mh;me;moss_herbaceous;meq;moist;moist;moist;moist;;;;;;;;;;1;1;;;;;565;967;1532;1062;335;2556;5785;10606;16306;18037;43;54;110;139;126;282;418;858;1342;1745
svalbard;ADV;END;t2ew1;t2e;t2;s;s;s;s;b;;4;153;;1;;153;153;0;1;;;moss_herbaceous;mgr;moist;moist;moist;moist;;;;;;;;;;;;;;;;565;967;1532;1062;335;2556;5785;10606;16306;18037;43;54;110;139;126;282;418;858;1342;1745
svalbard;ADV;END;t2ew2;t2e;t2;s;s;s;s;n;;4;153;;;;;;0;0;;;moss_herbaceous;mgr;moist;moist;moist;moist;;;;;;;;;;;;;;;;565;967;1532;1062;335;2556;5785;10606;16306;18037;43;54;110;139;126;282;418;858;1342;1745
svalbard;ADV;END;t2ew3;t2e;t2;s;s;s;p;b;;3;150;1;2;150;153;150;1;1;;;moss_herbaceous;mgr;moist;moist;moist;moist;;;;;;;;;;;;;;;;565;967;1532;1062;335;2556;5785;10606;16306;18037;43;54;110;139;126;282;418;858;1342;1745
svalbard;ADV;END;t2ew4;t2e;t2;s;s;s;s;n;;4;153;;;;;;0;0;;;moss_herbaceous;mgr;moist;moist;moist;moist;;;;;;;;;;;;;;;;565;967;1532;1062;335;2556;5785;10606;16306;18037;43;54;110;139;126;282;418;858;1342;1745
svalbard;ADV;END;t3an1;t3a;t3;p;p;p;p;p;b;0;138;1;;138;;138;1;0;mhb;;moss_herbaceous;mgr;moist;moist;moist;moist;;;;;;;;;;1;;;;;;565;967;1532;1062;335;2556;5785;10606;16306;18037;43;54;110;139;126;282;418;858;1342;1745
svalbard;ADV;END;t3an2;t3a;t3;n;n;p;n;n;p;0;134;3;;146;;146;1;0;ms;hg;graminoid_heath;hea;dry;dry;dry;dry;;;;1;;1;;;;;;;;;;565;967;1532;1062;335;2556;5785;10606;16306;18037;43;54;110;139;126;282;418;858;1342;1745
svalbard;ADV;END;t3an3;t3a;t3;n;n;n;n;n;n;0;134;;;;;;0;0;ms;lit;dryas_heath;hmo;hmo;dry;dry;hmo;;;;;;1;1;;;;;;;;;565;967;1532;1062;335;2556;5785;10606;16306;18037;43;54;110;139;126;282;418;858;1342;1745
svalbard;ADV;END;t3an4;t3a;t3;n;n;n;n;n;n;0;134;;;;;;0;0;c;hg;graminoid_heath;hea;dry;dry;dry;dry;;1;;1;;;;;;;;;;;;565;967;1532;1062;335;2556;5785;10606;16306;18037;43;54;110;139;126;282;418;858;1342;1745
svalbard;ADV;END;t3ae1;t3a;t3;p;p;p;p;b;b;0;138;1;;138;;138;1;0;mhb;;moss_herbaceous;mgr;moist;moist;moist;moist;;;;;;;;;;1;;;;;;565;967;1532;1062;335;2556;5785;10606;16306;18037;43;54;110;139;126;282;418;858;1342;1745
svalbard;ADV;END;t3ae2;t3a;t3;n;p;p;p;n;n;0;138;2;;142;;142;1;0;mh;;moss_herbaceous;mgr;moist;moist;moist;moist;;;;;;;;;;1;;;;;;565;967;1532;1062;335;2556;5785;10606;16306;18037;43;54;110;139;126;282;418;858;1342;1745
svalbard;ADV;END;t3ae3;t3a;t3;s;n;p;n;n;n;1;142;2;;146;;146;1;0;mh;;moss_herbaceous;mgr;moist;moist;moist;moist;;;;;;;;;;1;;;;;;565;967;1532;1062;335;2556;5785;10606;16306;18037;43;54;110;139;126;282;418;858;1342;1745
svalbard;ADV;END;t3ae4;t3a;t3;n;n;n;n;n;n;0;134;;;;;;0;0;mh;;moss_herbaceous;mgr;moist;moist;moist;moist;;;;;;;;;;1;;;;;;565;967;1532;1062;335;2556;5785;10606;16306;18037;43;54;110;139;126;282;418;858;1342;1745
svalbard;ADV;END;t3as1;t3a;t3;p;p;p;p;p;n;0;138;1;;138;;138;1;0;mh;;moss_herbaceous;mgr;moist;moist;moist;moist;;;;;;;;;;1;;;;;;565;967;1532;1062;335;2556;5785;10606;16306;18037;43;54;110;139;126;282;418;858;1342;1745
svalbard;ADV;END;t3as2;t3a;t3;s;s;n;n;w;n;2;146;;;;;;0;0;mh;;moss_herbaceous;mgr;moist;moist;moist;moist;;;;;;;;;;1;;;;;;565;967;1532;1062;335;2556;5785;10606;16306;18037;43;54;110;139;126;282;418;858;1342;1745
svalbard;ADV;END;t3as3;t3a;t3;s;s;n;n;n;p;2;146;;;;;;0;0;mh;cas;cassiope;cas;dry;dry;dry;dry;;;;;;;;;1;1;;;;;;565;967;1532;1062;335;2556;5785;10606;16306;18037;43;54;110;139;126;282;418;858;1342;1745
svalbard;ADV;END;t3as4;t3a;t3;n;n;n;n;n;n;0;138;;;;;;0;0;cas;d;cassiope;cas;dry;dry;dry;dry;1;;;;;;;;1;;;;;;;565;967;1532;1062;335;2556;5785;10606;16306;18037;43;54;110;139;126;282;418;858;1342;1745
svalbard;ADV;END;t3aw1;t3a;t3;p;p;p;p;p;n;0;138;1;;138;;138;1;0;ms;;dryas_heath;hmo;hmo;dry;dry;hmo;;;;;;1;;;;;;;;;;565;967;1532;1062;335;2556;5785;10606;16306;18037;43;54;110;139;126;282;418;858;1342;1745
svalbard;ADV;END;t3aw2;t3a;t3;n;n;n;n;n;n;0;138;;;;;;0;0;c;ms;dryas_heath;hmo;hmo;dry;dry;hmo;;1;;;;1;;;;;;;;;;565;967;1532;1062;335;2556;5785;10606;16306;18037;43;54;110;139;126;282;418;858;1342;1745
svalbard;ADV;END;t3aw3;t3a;t3;n;n;n;n;n;n;0;138;;;;;;0;0;c;g;dryas_heath;cru;na;na;dry;dry;;1;;;;;;1;;;;;;;;565;967;1532;1062;335;2556;5785;10606;16306;18037;43;54;110;139;126;282;418;858;1342;1745
svalbard;ADV;END;t3aw4;t3a;t3;n;n;n;n;n;n;0;138;;;;;;0;0;c;hg;graminoid_heath;hea;dry;dry;dry;dry;;1;;1;;;;;;;;;;;;565;967;1532;1062;335;2556;5785;10606;16306;18037;43;54;110;139;126;282;418;858;1342;1745
svalbard;ADV;END;t3bn1;t3b;t3;b;b;b;b;b;b;0;134;;1;;138;138;0;1;mhb;;moss_herbaceous;mgr;moist;moist;moist;moist;;;;;;;;;;1;;;;;;565;967;1532;1062;335;2556;5785;10606;16306;18037;43;54;110;139;126;282;418;858;1342;1745
svalbard;ADV;END;t3bn2;t3b;t3;p;p;p;b;n;p;0;138;1;4;138;150;138;1;1;mh;;moss_herbaceous;mgr;moist;moist;moist;moist;;;;;;;;;;1;;;;;;565;967;1532;1062;335;2556;5785;10606;16306;18037;43;54;110;139;126;282;418;858;1342;1745
svalbard;ADV;END;t3bn3;t3b;t3;n;n;n;n;n;n;0;138;;;;;;0;0;mh;cas;cassiope;cas;dry;dry;dry;dry;;;;;;;;;1;1;;;;;;565;967;1532;1062;335;2556;5785;10606;16306;18037;43;54;110;139;126;282;418;858;1342;1745
svalbard;ADV;END;t3bn4;t3b;t3;n;p;n;n;p;n;0;138;2;;142;;142;1;0;mh;cas;cassiope;cas;dry;dry;dry;dry;;;;;;;;;1;1;;;;;;565;967;1532;1062;335;2556;5785;10606;16306;18037;43;54;110;139;126;282;418;858;1342;1745
svalbard;ADV;END;t3be1;t3b;t3;s;b;b;b;b;b;1;142;;1;;142;142;0;1;mhb;;moss_herbaceous;mgr;moist;moist;moist;moist;;;;;;;;;;1;;;;;;565;967;1532;1062;335;2556;5785;10606;16306;18037;43;54;110;139;126;282;418;858;1342;1745
svalbard;ADV;END;t3be2;t3b;t3;s;s;s;p;b;b;3;150;1;2;150;153;150;1;1;mhb;;moss_herbaceous;mgr;moist;moist;moist;moist;;;;;;;;;;1;;;;;;565;967;1532;1062;335;2556;5785;10606;16306;18037;43;54;110;139;126;282;418;858;1342;1745
svalbard;ADV;END;t3be3;t3b;t3;n;n;n;p;n;n;0;138;4;;150;;150;1;0;mh;lit;moss_herbaceous;mgr;moist;moist;moist;moist;;;;;;;1;;;1;;;;;;565;967;1532;1062;335;2556;5785;10606;16306;18037;43;54;110;139;126;282;418;858;1342;1745
svalbard;ADV;END;t3be4;t3b;t3;n;n;n;n;n;n;0;134;;;;;;0;0;mh;;moss_herbaceous;mgr;moist;moist;moist;moist;;;;;;;;;;1;;;;;;565;967;1532;1062;335;2556;5785;10606;16306;18037;43;54;110;139;126;282;418;858;1342;1745
svalbard;ADV;END;t3bs1;t3b;t3;n;b;b;b;b;b;0;138;;2;;142;142;0;1;mhb;;moss_herbaceous;mgr;moist;moist;moist;moist;;;;;;;;;;1;;;;;;565;967;1532;1062;335;2556;5785;10606;16306;18037;43;54;110;139;126;282;418;858;1342;1745
svalbard;ADV;END;t3bs2;t3b;t3;s;s;s;s;w;b;5;153;;;;;;0;0;mwb;;wetland_moss;wet;wet;wet;wet;wet;;;;;;;;;;;;1;;;;565;967;1532;1062;335;2556;5785;10606;16306;18037;43;54;110;139;126;282;418;858;1342;1745
svalbard;ADV;END;t3bs3;t3b;t3;s;s;s;n;n;n;3;150;;;;;;0;0;mh;lit;moss_herbaceous;mgr;moist;moist;moist;moist;;;;;;;1;;;1;;;;;;565;967;1532;1062;335;2556;5785;10606;16306;18037;43;54;110;139;126;282;418;858;1342;1745
svalbard;ADV;END;t3bs4;t3b;t3;s;s;s;n;n;p;3;150;;;;;;0;0;mh;lit;moss_herbaceous;mgr;moist;moist;moist;moist;;;;;;;1;;;1;;;;;;565;967;1532;1062;335;2556;5785;10606;16306;18037;43;54;110;139;126;282;418;858;1342;1745
svalbard;ADV;END;t3bw1;t3b;t3;b;b;b;b;b;b;0;134;;1;;138;138;0;1;mhb;;moss_herbaceous;mgr;moist;moist;moist;moist;;;;;;;;;;1;;;;;;565;967;1532;1062;335;2556;5785;10606;16306;18037;43;54;110;139;126;282;418;858;1342;1745
svalbard;ADV;END;t3bw2;t3b;t3;n;b;b;b;b;b;0;134;;2;;142;142;0;1;mhb;;moss_herbaceous;mgr;moist;moist;moist;moist;;;;;;;;;;1;;;;;;565;967;1532;1062;335;2556;5785;10606;16306;18037;43;54;110;139;126;282;418;858;1342;1745
svalbard;ADV;END;t3bw3;t3b;t3;n;n;n;n;n;n;0;134;;;;;;0;0;cas;lit;cassiope;cas;dry;dry;dry;dry;;;;;;;1;;1;;;;;;;565;967;1532;1062;335;2556;5785;10606;16306;18037;43;54;110;139;126;282;418;858;1342;1745
svalbard;ADV;END;t3bw4;t3b;t3;n;n;n;n;n;n;0;134;;;;;;0;0;mh;lit;moss_herbaceous;mgr;moist;moist;moist;moist;;;;;;;1;;;1;;;;;;565;967;1532;1062;335;2556;5785;10606;16306;18037;43;54;110;139;126;282;418;858;1342;1745
svalbard;ADV;END;t3cn1;t3c;t3;s;s;s;n;n;n;3;150;;;;;;0;0;c;hg;graminoid_heath;hea;dry;dry;dry;dry;;1;;1;;;;;;;;;;;;565;967;1532;1062;335;2556;5785;10606;16306;18037;43;54;110;139;126;282;418;858;1342;1745
svalbard;ADV;END;t3cn2;t3c;t3;s;s;s;s;n;n;4;153;;;;;;0;0;ms;d;dryas_heath;dry;dry;dry;dry;dry;1;;;;;1;;;;;;;;;;565;967;1532;1062;335;2556;5785;10606;16306;18037;43;54;110;139;126;282;418;858;1342;1745
svalbard;ADV;END;t3cn3;t3c;t3;s;s;s;n;n;n;3;150;;;;;;0;0;c;d;dryas_heath;dry;dry;dry;dry;dry;1;1;;;;;;;;;;;;;;565;967;1532;1062;335;2556;5785;10606;16306;18037;43;54;110;139;126;282;418;858;1342;1745
svalbard;ADV;END;t3cn4;t3c;t3;s;s;s;s;n;n;4;153;;;;;;0;0;hg;ms;graminoid_heath;hea;dry;dry;dry;dry;;;;1;;1;;;;;;;;;;565;967;1532;1062;335;2556;5785;10606;16306;18037;43;54;110;139;126;282;418;858;1342;1745
svalbard;ADV;END;t3ce1;t3c;t3;s;s;s;s;n;n;4;153;;;;;;0;0;c;hg;graminoid_heath;hea;dry;dry;dry;dry;;1;;1;;;;;;;;;;;;565;967;1532;1062;335;2556;5785;10606;16306;18037;43;54;110;139;126;282;418;858;1342;1745
svalbard;ADV;END;t3ce2;t3c;t3;s;s;s;s;n;n;4;153;;;;;;0;0;cas;;cassiope;cas;dry;dry;dry;dry;;;;;;;;;1;;;;;;;565;967;1532;1062;335;2556;5785;10606;16306;18037;43;54;110;139;126;282;418;858;1342;1745
svalbard;ADV;END;t3ce3;t3c;t3;s;s;s;s;n;n;4;153;;;;;;0;0;g;cas;cassiope;cas;dry;dry;dry;dry;;;;;;;;1;1;;;;;;;565;967;1532;1062;335;2556;5785;10606;16306;18037;43;54;110;139;126;282;418;858;1342;1745
svalbard;ADV;END;t3ce4;t3c;t3;s;s;s;s;n;n;4;153;;;;;;0;0;mh;;moss_herbaceous;mgr;moist;moist;moist;moist;;;;;;;;;;1;;;;;;565;967;1532;1062;335;2556;5785;10606;16306;18037;43;54;110;139;126;282;418;858;1342;1745
svalbard;ADV;END;t3cs1;t3c;t3;s;s;s;s;n;n;4;153;;;;;;0;0;c;;dryas_heath;cru;na;na;dry;dry;;1;;;;;;;;;;;;;;565;967;1532;1062;335;2556;5785;10606;16306;18037;43;54;110;139;126;282;418;858;1342;1745
svalbard;ADV;END;t3cs2;t3c;t3;s;s;s;s;s;n;5;late;;;;;;0;0;b;ms;dryas_heath;hmo;hmo;dry;dry;hmo;;;1;;;1;;;;;;;;;;565;967;1532;1062;335;2556;5785;10606;16306;18037;43;54;110;139;126;282;418;858;1342;1745
svalbard;ADV;END;t3cs3;t3c;t3;s;s;s;s;n;n;4;153;;;;;;0;0;mh;cas;cassiope;cas;dry;dry;dry;dry;;;;;;;;;1;1;;;;;;565;967;1532;1062;335;2556;5785;10606;16306;18037;43;54;110;139;126;282;418;858;1342;1745
svalbard;ADV;END;t3cs4;t3c;t3;s;s;s;s;s;p;5;late;;;;;;0;0;mh;lit;moss_herbaceous;mgr;moist;moist;moist;moist;;;;;;;1;;;1;;;;;;565;967;1532;1062;335;2556;5785;10606;16306;18037;43;54;110;139;126;282;418;858;1342;1745
svalbard;ADV;END;t3cw1;t3c;t3;s;s;s;s;n;n;4;153;;;;;;0;0;g;;dryas_heath;gra;na;na;dry;dry;;;;;;;;1;;;;;;;;565;967;1532;1062;335;2556;5785;10606;16306;18037;43;54;110;139;126;282;418;858;1342;1745
svalbard;ADV;END;t3cw2;t3c;t3;s;s;s;n;n;n;3;150;;;;;;0;0;c;hg;graminoid_heath;hea;dry;dry;dry;dry;;1;;1;;;;;;;;;;;;565;967;1532;1062;335;2556;5785;10606;16306;18037;43;54;110;139;126;282;418;858;1342;1745
svalbard;ADV;END;t3cw3;t3c;t3;s;s;s;n;n;n;3;150;;;;;;0;0;d;r;dryas_heath;dry;dry;dry;dry;dry;1;;;;1;;;;;;;;;;;565;967;1532;1062;335;2556;5785;10606;16306;18037;43;54;110;139;126;282;418;858;1342;1745
svalbard;ADV;END;t3cw4;t3c;t3;s;s;s;s;n;n;4;153;;;;;;0;0;c;ms;dryas_heath;hmo;hmo;dry;dry;hmo;;1;;;;1;;;;;;;;;;565;967;1532;1062;335;2556;5785;10606;16306;18037;43;54;110;139;126;282;418;858;1342;1745
svalbard;ADV;END;t3dn1;t3d;t3;;n;n;n;n;n;0;138;;;;;;0;0;c;hg;graminoid_heath;hea;dry;dry;dry;dry;;1;;1;;;;;;;;;;;;565;967;1532;1062;335;2556;5785;10606;16306;18037;43;54;110;139;126;282;418;858;1342;1745
svalbard;ADV;END;t3dn2;t3d;t3;;n;n;n;n;n;0;138;;;;;;0;0;ms;;dryas_heath;hmo;hmo;dry;dry;hmo;;;;;;1;;;;;;;;;;565;967;1532;1062;335;2556;5785;10606;16306;18037;43;54;110;139;126;282;418;858;1342;1745
svalbard;ADV;END;t3dn3;t3d;t3;;n;n;n;n;n;0;138;;;;;;0;0;ms;c;dryas_heath;hmo;hmo;dry;dry;hmo;;1;;;;1;;;;;;;;;;565;967;1532;1062;335;2556;5785;10606;16306;18037;43;54;110;139;126;282;418;858;1342;1745
svalbard;ADV;END;t3dn4;t3d;t3;;n;n;n;n;n;0;134;;;;;;0;0;hg;;graminoid_heath;hea;dry;dry;dry;dry;;;;1;;;;;;;;;;;;565;967;1532;1062;335;2556;5785;10606;16306;18037;43;54;110;139;126;282;418;858;1342;1745
svalbard;ADV;END;t3de1;t3d;t3;;n;n;n;n;n;0;138;;;;;;0;0;c;ms;dryas_heath;hmo;hmo;dry;dry;hmo;;1;;;;1;;;;;;;;;;565;967;1532;1062;335;2556;5785;10606;16306;18037;43;54;110;139;126;282;418;858;1342;1745
svalbard;ADV;END;t3de2;t3d;t3;;n;n;n;n;n;0;138;;;;;;0;0;hg;;graminoid_heath;hea;dry;dry;dry;dry;;;;1;;;;;;;;;;;;565;967;1532;1062;335;2556;5785;10606;16306;18037;43;54;110;139;126;282;418;858;1342;1745
svalbard;ADV;END;t3de3;t3d;t3;;n;n;n;n;n;0;138;;;;;;0;0;hg;;graminoid_heath;hea;dry;dry;dry;dry;;;;1;;;;;;;;;;;;565;967;1532;1062;335;2556;5785;10606;16306;18037;43;54;110;139;126;282;418;858;1342;1745
svalbard;ADV;END;t3de4;t3d;t3;;n;n;n;n;n;0;138;;;;;;0;0;hg;;graminoid_heath;hea;dry;dry;dry;dry;;;;1;;;;;;;;;;;;565;967;1532;1062;335;2556;5785;10606;16306;18037;43;54;110;139;126;282;418;858;1342;1745
svalbard;ADV;END;t3ds1;t3d;t3;;n;n;n;n;n;0;138;;;;;;0;0;hg;;graminoid_heath;hea;dry;dry;dry;dry;;;;1;;;;;;;;;;;;565;967;1532;1062;335;2556;5785;10606;16306;18037;43;54;110;139;126;282;418;858;1342;1745
svalbard;ADV;END;t3ds2;t3d;t3;;n;n;n;n;n;0;138;;;;;;0;0;ms;c;dryas_heath;hmo;hmo;dry;dry;hmo;;1;;;;1;;;;;;;;;;565;967;1532;1062;335;2556;5785;10606;16306;18037;43;54;110;139;126;282;418;858;1342;1745
svalbard;ADV;END;t3ds3;t3d;t3;;n;n;p;p;n;0;138;4;;150;;150;1;0;ms;;dryas_heath;hmo;hmo;dry;dry;hmo;;;;;;1;;;;;;;;;;565;967;1532;1062;335;2556;5785;10606;16306;18037;43;54;110;139;126;282;418;858;1342;1745
svalbard;ADV;END;t3ds4;t3d;t3;;n;p;p;p;p;0;138;3;;146;;146;1;0;hg;d;graminoid_heath;dry;dry;dry;dry;dry;1;;;1;;;;;;;;;;;;565;967;1532;1062;335;2556;5785;10606;16306;18037;43;54;110;139;126;282;418;858;1342;1745
svalbard;ADV;END;t3dw1;t3d;t3;;p;p;p;p;p;0;138;1;;142;;142;1;0;ms;hg;graminoid_heath;hea;dry;dry;dry;dry;;;;1;;1;;;;;;;;;;565;967;1532;1062;335;2556;5785;10606;16306;18037;43;54;110;139;126;282;418;858;1342;1745
svalbard;ADV;END;t3dw2;t3d;t3;;n;n;n;n;n;0;138;;;;;;0;0;ms;d;dryas_heath;dry;dry;dry;dry;dry;1;;;;;1;;;;;;;;;;565;967;1532;1062;335;2556;5785;10606;16306;18037;43;54;110;139;126;282;418;858;1342;1745
svalbard;ADV;END;t3dw3;t3d;t3;;n;n;n;n;n;0;138;;;;;;0;0;ms;c;dryas_heath;hmo;hmo;dry;dry;hmo;;1;;;;1;;;;;;;;;;565;967;1532;1062;335;2556;5785;10606;16306;18037;43;54;110;139;126;282;418;858;1342;1745
svalbard;ADV;END;t3dw4;t3d;t3;;n;n;n;n;n;0;138;;;;;;0;0;d;hg;graminoid_heath;dry;dry;dry;dry;dry;1;;;1;;;;;;;;;;;;565;967;1532;1062;335;2556;5785;10606;16306;18037;43;54;110;139;126;282;418;858;1342;1745
svalbard;ADV;END;t4an1;t4a;t4;;b;b;b;b;b;0;134;;1;;142;142;0;1;mhb;;moss_herbaceous;mgr;moist;moist;moist;moist;;;;;;;;;;1;;;;;;565;967;1532;1062;335;2556;5785;10606;16306;18037;43;54;110;139;126;282;418;858;1342;1745
svalbard;ADV;END;t4an2;t4a;t4;;b;n;b;b;b;0;134;;1;;142;142;0;1;mhb;mh;moss_herbaceous;mgr;moist;moist;moist;moist;;;;;;;;;;1;;;;;;565;967;1532;1062;335;2556;5785;10606;16306;18037;43;54;110;139;126;282;418;858;1342;1745
svalbard;ADV;END;t4an3;t4a;t4;;b;b;b;b;b;0;138;;1;;142;142;0;1;mhb;;moss_herbaceous;mgr;moist;moist;moist;moist;;;;;;;;;;1;;;;;;565;967;1532;1062;335;2556;5785;10606;16306;18037;43;54;110;139;126;282;418;858;1342;1745
svalbard;ADV;END;t4an4;t4a;t4;;p;b;b;b;p;0;138;1;3;142;146;142;1;1;mh;;moss_herbaceous;mgr;moist;moist;moist;moist;;;;;;;;;;1;;;;;;565;967;1532;1062;335;2556;5785;10606;16306;18037;43;54;110;139;126;282;418;858;1342;1745
svalbard;ADV;END;t4ae1;t4a;t4;b;b;b;b;b;b;0;134;;1;;138;138;0;1;mhb;;moss_herbaceous;mgr;moist;moist;moist;moist;;;;;;;;;;1;;;;;;565;967;1532;1062;335;2556;5785;10606;16306;18037;43;54;110;139;126;282;418;858;1342;1745
svalbard;ADV;END;t4ae2;t4a;t4;b;b;b;b;b;p;0;138;;1;;138;138;0;1;mh;;moss_herbaceous;mgr;moist;moist;moist;moist;;;;;;;;;;1;;;;;;565;967;1532;1062;335;2556;5785;10606;16306;18037;43;54;110;139;126;282;418;858;1342;1745
svalbard;ADV;END;t4ae3;t4a;t4;b;b;p;b;b;b;0;138;;1;;138;138;1;1;mb;b;wetland_moss;wet;wet;wet;wet;wet;;;1;;;;;;;;;;1;;;565;967;1532;1062;335;2556;5785;10606;16306;18037;43;54;110;139;126;282;418;858;1342;1745
svalbard;ADV;END;t4ae4;t4a;t4;p;p;p;p;p;p;0;138;1;;138;;138;1;0;mh;;moss_herbaceous;mgr;moist;moist;moist;moist;;;;;;;;;;1;;;;;;565;967;1532;1062;335;2556;5785;10606;16306;18037;43;54;110;139;126;282;418;858;1342;1745
svalbard;ADV;END;t4as1;t4a;t4;b;b;b;b;b;b;0;134;;1;;138;138;0;1;c;;moss_herbaceous;cru;na;na;moist;moist;;1;;;;;;;;;;;;;;565;967;1532;1062;335;2556;5785;10606;16306;18037;43;54;110;139;126;282;418;858;1342;1745
svalbard;ADV;END;t4as2;t4a;t4;b;p;p;b;b;p;0;134;;1;;138;138;1;1;mh;;moss_herbaceous;mgr;moist;moist;moist;moist;;;;;;;;;;1;;;;;;565;967;1532;1062;335;2556;5785;10606;16306;18037;43;54;110;139;126;282;418;858;1342;1745
svalbard;ADV;END;t4as3;t4a;t4;p;p;p;p;p;n;0;134;1;;138;;138;1;0;mh;;moss_herbaceous;mgr;moist;moist;moist;moist;;;;;;;;;;1;;;;;;565;967;1532;1062;335;2556;5785;10606;16306;18037;43;54;110;139;126;282;418;858;1342;1745
svalbard;ADV;END;t4as4;t4a;t4;p;p;n;n;p;n;0;138;1;;138;;138;1;0;mh;;moss_herbaceous;mgr;moist;moist;moist;moist;;;;;;;;;;1;;;;;;565;967;1532;1062;335;2556;5785;10606;16306;18037;43;54;110;139;126;282;418;858;1342;1745
svalbard;ADV;END;t4aw1;t4a;t4;b;b;b;b;b;b;0;134;;1;;138;138;0;1;mh;;moss_herbaceous;mgr;moist;moist;moist;moist;;;;;;;;;;1;;;;;;565;967;1532;1062;335;2556;5785;10606;16306;18037;43;54;110;139;126;282;418;858;1342;1745
svalbard;ADV;END;t4aw2;t4a;t4;n;n;n;n;n;n;0;134;;1;;;;0;0;mh;c;moss_herbaceous;mgr;moist;moist;moist;moist;;1;;;;;;;;1;;;;;;565;967;1532;1062;335;2556;5785;10606;16306;18037;43;54;110;139;126;282;418;858;1342;1745
svalbard;ADV;END;t4aw3;t4a;t4;n;n;n;n;n;n;0;134;;;;;;0;0;mh;c;moss_herbaceous;mgr;moist;moist;moist;moist;;1;;;;;;;;1;;;;;;565;967;1532;1062;335;2556;5785;10606;16306;18037;43;54;110;139;126;282;418;858;1342;1745
svalbard;ADV;END;t4aw4;t4a;t4;n;n;p;p;p;n;0;134;3;;146;;146;1;0;mh;;moss_herbaceous;mgr;moist;moist;moist;moist;;;;;;;;;;1;;;;;;565;967;1532;1062;335;2556;5785;10606;16306;18037;43;54;110;139;126;282;418;858;1342;1745
svalbard;ADV;END;t4bn1;t4b;t4;b;b;b;b;b;b;0;138;;1;;138;138;0;1;mhb;;moss_herbaceous;mgr;moist;moist;moist;moist;;;;;;;;;;1;;;;;;565;967;1532;1062;335;2556;5785;10606;16306;18037;43;54;110;139;126;282;418;858;1342;1745
svalbard;ADV;END;t4bn2;t4b;t4;n;b;p;b;n;b;0;138;;2;;142;142;1;1;mhb;;moss_herbaceous;mgr;moist;moist;moist;moist;;;;;;;;;;1;;;;;;565;967;1532;1062;335;2556;5785;10606;16306;18037;43;54;110;139;126;282;418;858;1342;1745
svalbard;ADV;END;t4bn3;t4b;t4;p;p;p;b;n;n;0;138;1;4;138;150;138;1;1;me;c;wetland_moss;meq;moist;moist;moist;moist;;1;;;;;;;;;1;;;;;565;967;1532;1062;335;2556;5785;10606;16306;18037;43;54;110;139;126;282;418;858;1342;1745
svalbard;ADV;END;t4bn4;t4b;t4;n;n;n;n;n;n;0;134;;;;;;0;0;ms;c;dryas_heath;hmo;hmo;dry;dry;dry;;1;;;;1;;;;;;;;;;565;967;1532;1062;335;2556;5785;10606;16306;18037;43;54;110;139;126;282;418;858;1342;1745
svalbard;ADV;END;t4be1;t4b;t4;p;w;b;w;w;b;0;138;1;3;138;146;138;1;1;mhb;;moss_herbaceous;mgr;moist;moist;moist;moist;;;;;;;;;;1;;;;;;565;967;1532;1062;335;2556;5785;10606;16306;18037;43;54;110;139;126;282;418;858;1342;1745
svalbard;ADV;END;t4be2;t4b;t4;p;p;p;p;p;n;0;138;1;;138;;138;1;0;mh;;moss_herbaceous;mgr;moist;moist;moist;moist;;;;;;;;;;1;;;;;;565;967;1532;1062;335;2556;5785;10606;16306;18037;43;54;110;139;126;282;418;858;1342;1745
svalbard;ADV;END;t4be3;t4b;t4;n;n;p;n;n;n;0;138;3;;146;;146;1;0;mh;c;moss_herbaceous;mgr;moist;moist;moist;moist;;1;;;;;;;;1;;;;;;565;967;1532;1062;335;2556;5785;10606;16306;18037;43;54;110;139;126;282;418;858;1342;1745
svalbard;ADV;END;t4be4;t4b;t4;n;p;p;b;b;p;0;138;2;4;142;150;142;1;1;mh;;moss_herbaceous;mgr;moist;moist;moist;moist;;;;;;;;;;1;;;;;;565;967;1532;1062;335;2556;5785;10606;16306;18037;43;54;110;139;126;282;418;858;1342;1745
svalbard;ADV;END;t4bs1;t4b;t4;p;p;p;p;p;p;0;138;1;;138;;138;1;0;mh;;moss_herbaceous;mgr;moist;moist;moist;moist;;;;;;;;;;1;;;;;;565;967;1532;1062;335;2556;5785;10606;16306;18037;43;54;110;139;126;282;418;858;1342;1745
svalbard;ADV;END;t4bs2;t4b;t4;p;b;b;b;b;b;0;138;1;2;138;142;138;1;1;mhb;;moss_herbaceous;mgr;moist;moist;moist;moist;;;;;;;;;;1;;;;;;565;967;1532;1062;335;2556;5785;10606;16306;18037;43;54;110;139;126;282;418;858;1342;1745
svalbard;ADV;END;t4bs3;t4b;t4;s;w;b;w;w;n;0;142;;3;;146;146;0;1;mb;;wetland_moss;wet;wet;wet;wet;wet;;;;;;;;;;1;;;;;;565;967;1532;1062;335;2556;5785;10606;16306;18037;43;54;110;139;126;282;418;858;1342;1745
svalbard;ADV;END;t4bs4;t4b;t4;n;p;p;n;n;n;0;138;2;;142;;142;1;0;mh;;moss_herbaceous;mgr;moist;moist;moist;moist;;;;;;;;;;1;;;;;;565;967;1532;1062;335;2556;5785;10606;16306;18037;43;54;110;139;126;282;418;858;1342;1745
svalbard;ADV;END;t4bw1;t4b;t4;n;w;b;n;w;b;0;138;;3;;146;146;0;1;mhb;mh;moss_herbaceous;mgr;moist;moist;moist;moist;;;;;;;;;;1;;;;;;565;967;1532;1062;335;2556;5785;10606;16306;18037;43;54;110;139;126;282;418;858;1342;1745
svalbard;ADV;END;t4bw2;t4b;t4;n;n;n;p;n;n;0;134;4;;150;;150;1;0;c;me;wetland_moss;meq;moist;moist;moist;moist;;1;;;;;;;;;1;;;;;565;967;1532;1062;335;2556;5785;10606;16306;18037;43;54;110;139;126;282;418;858;1342;1745
svalbard;ADV;END;t4bw3;t4b;t4;b;b;p;n;p;b;0;134;;1;;138;138;1;1;mhb;c;moss_herbaceous;mgr;moist;moist;moist;moist;;;;;;;;;;1;;;;;;565;967;1532;1062;335;2556;5785;10606;16306;18037;43;54;110;139;126;282;418;858;1342;1745
svalbard;ADV;END;t4bw4;t4b;t4;w;b;b;b;b;b;0;138;;2;;142;142;0;1;meb;;wetland_moss;meq;moist;moist;moist;moist;;;;;;;;;;;1;;;;;565;967;1532;1062;335;2556;5785;10606;16306;18037;43;54;110;139;126;282;418;858;1342;1745
svalbard;ADV;END;t4cn1;t4c;t4;s;s;s;s;n;n;4;153;;;;;;0;0;me;;wetland_moss;meq;moist;moist;moist;moist;;;;;;;;;;;1;;;;;565;967;1532;1062;335;2556;5785;10606;16306;18037;43;54;110;139;126;282;418;858;1342;1745
svalbard;ADV;END;t4cn2;t4c;t4;s;s;s;s;p;p;4;153;1;;153;;153;1;0;mh;me;moss_herbaceous;meq;moist;moist;moist;moist;;;;;;;;;;1;1;;;;;565;967;1532;1062;335;2556;5785;10606;16306;18037;43;54;110;139;126;282;418;858;1342;1745
svalbard;ADV;END;t4cn3;t4c;t4;s;s;s;s;n;n;4;153;;;;;;0;0;me;c;wetland_moss;meq;moist;moist;moist;moist;;1;;;;;;;;;1;;;;;565;967;1532;1062;335;2556;5785;10606;16306;18037;43;54;110;139;126;282;418;858;1342;1745
svalbard;ADV;END;t4cn4;t4c;t4;s;s;s;s;n;n;4;153;;;;;;0;0;mh;c;moss_herbaceous;mgr;moist;moist;moist;moist;;1;;;;;;;;1;;;;;;565;967;1532;1062;335;2556;5785;10606;16306;18037;43;54;110;139;126;282;418;858;1342;1745
svalbard;ADV;END;t4ce1;t4c;t4;s;s;s;s;n;n;4;153;;;;;;0;0;mh;me;moss_herbaceous;meq;moist;moist;moist;moist;;;;;;;;;;1;1;;;;;565;967;1532;1062;335;2556;5785;10606;16306;18037;43;54;110;139;126;282;418;858;1342;1745
svalbard;ADV;END;t4ce2;t4c;t4;s;s;s;s;p;n;4;153;1;;153;;153;1;0;mh;c;moss_herbaceous;mgr;moist;moist;moist;moist;;1;;;;;;;;1;;;;;;565;967;1532;1062;335;2556;5785;10606;16306;18037;43;54;110;139;126;282;418;858;1342;1745
svalbard;ADV;END;t4ce3;t4c;t4;s;s;s;s;n;n;4;153;;;;;;0;0;mh;lit;moss_herbaceous;mgr;moist;moist;moist;moist;;;;;;;1;;;1;;;;;;565;967;1532;1062;335;2556;5785;10606;16306;18037;43;54;110;139;126;282;418;858;1342;1745
svalbard;ADV;END;t4ce4;t4c;t4;s;s;s;s;n;n;4;153;;;;;;0;0;mh;;moss_herbaceous;mgr;moist;moist;moist;moist;;;;;;;;;;1;;;;;;565;967;1532;1062;335;2556;5785;10606;16306;18037;43;54;110;139;126;282;418;858;1342;1745
svalbard;ADV;END;t4cs1;t4c;t4;s;s;s;n;n;n;3;150;;;;;;0;0;ms;c;dryas_heath;hmo;hmo;dry;dry;hmo;;1;;;;1;;;;;;;;;;565;967;1532;1062;335;2556;5785;10606;16306;18037;43;54;110;139;126;282;418;858;1342;1745
svalbard;ADV;END;t4cs2;t4c;t4;s;s;s;s;p;n;4;153;1;;153;;153;1;0;ms;lit;dryas_heath;hmo;hmo;dry;dry;hmo;;;;;;1;1;;;;;;;;;565;967;1532;1062;335;2556;5785;10606;16306;18037;43;54;110;139;126;282;418;858;1342;1745
svalbard;ADV;END;t4cs3;t4c;t4;s;s;s;n;n;n;3;150;;;;;;0;0;mh;;moss_herbaceous;mgr;moist;moist;moist;moist;;;;;;;;;;1;;;;;;565;967;1532;1062;335;2556;5785;10606;16306;18037;43;54;110;139;126;282;418;858;1342;1745
svalbard;ADV;END;t4cs4;t4c;t4;s;s;s;n;n;n;3;150;;;;;;0;0;mh;;moss_herbaceous;mgr;moist;moist;moist;moist;;;;;;;;;;1;;;;;;565;967;1532;1062;335;2556;5785;10606;16306;18037;43;54;110;139;126;282;418;858;1342;1745
svalbard;ADV;END;t4cw1;t4c;t4;s;s;s;s;n;n;4;153;;;;;;0;0;mh;c;moss_herbaceous;mgr;moist;moist;moist;moist;;1;;;;;;;;1;;;;;;565;967;1532;1062;335;2556;5785;10606;16306;18037;43;54;110;139;126;282;418;858;1342;1745
svalbard;ADV;END;t4cw2;t4c;t4;s;s;s;s;n;n;4;153;;;;;;0;0;mh;c;moss_herbaceous;mgr;moist;moist;moist;moist;;1;;;;;;;;1;;;;;;565;967;1532;1062;335;2556;5785;10606;16306;18037;43;54;110;139;126;282;418;858;1342;1745
svalbard;ADV;END;t4cw3;t4c;t4;s;s;s;n;n;n;3;150;;;;;;0;0;mh;lit;moss_herbaceous;mgr;moist;moist;moist;moist;;;;;;;1;;;1;;;;;;565;967;1532;1062;335;2556;5785;10606;16306;18037;43;54;110;139;126;282;418;858;1342;1745
svalbard;ADV;END;t4cw4;t4c;t4;s;s;s;s;s;n;5;late;;;;;;0;0;me;;wetland_moss;meq;moist;moist;moist;moist;;;;;;;;;;;1;;;;;565;967;1532;1062;335;2556;5785;10606;16306;18037;43;54;110;139;126;282;418;858;1342;1745
svalbard;ADV;END;t4dn1;t4d;t4;s;s;s;s;w;n;5;153;;;;;;0;0;mwh;;wetland_graminoid;wet;wet;wet;wet;wet;;;;;;;;;;;;;;1;;565;967;1532;1062;335;2556;5785;10606;16306;18037;43;54;110;139;126;282;418;858;1342;1745
svalbard;ADV;END;t4dn2;t4d;t4;s;s;s;s;w;n;5;153;;;;;;0;0;mwh;bare-red;wetland_graminoid;wet;wet;wet;wet;wet;;;1;;;;;;;;;;;1;;565;967;1532;1062;335;2556;5785;10606;16306;18037;43;54;110;139;126;282;418;858;1342;1745
svalbard;ADV;END;t4dn3;t4d;t4;s;s;s;s;n;n;4;153;;;;;;0;0;mwh;bare-red;wetland_graminoid;wet;wet;wet;wet;wet;;;1;;;;;;;;;;;1;;565;967;1532;1062;335;2556;5785;10606;16306;18037;43;54;110;139;126;282;418;858;1342;1745
svalbard;ADV;END;t4dn4;t4d;t4;s;s;s;s;n;n;4;153;;;;;;0;0;mwh;;wetland_graminoid;wet;wet;wet;wet;wet;;;;;;;;;;;;;;1;;565;967;1532;1062;335;2556;5785;10606;16306;18037;43;54;110;139;126;282;418;858;1342;1745
svalbard;ADV;END;t4de1;t4d;t4;s;s;s;s;n;n;4;153;;;;;;0;0;mwh;;wetland_graminoid;wet;wet;wet;wet;wet;;;;;;;;;;;;;;1;;565;967;1532;1062;335;2556;5785;10606;16306;18037;43;54;110;139;126;282;418;858;1342;1745
svalbard;ADV;END;t4de2;t4d;t4;s;s;s;s;n;n;4;153;;;;;;0;0;mwh;bare-red;wetland_graminoid;wet;wet;wet;wet;wet;;;1;;;;;;;;;;;1;;565;967;1532;1062;335;2556;5785;10606;16306;18037;43;54;110;139;126;282;418;858;1342;1745
svalbard;ADV;END;t4de3;t4d;t4;s;s;s;s;n;n;4;153;;;;;;0;0;mwh;;wetland_graminoid;wet;wet;wet;wet;wet;;;;;;;;;;;;;;1;;565;967;1532;1062;335;2556;5785;10606;16306;18037;43;54;110;139;126;282;418;858;1342;1745
svalbard;ADV;END;t4de4;t4d;t4;s;s;s;n;n;n;3;150;;;;;;0;0;mwh;;wetland_graminoid;wet;wet;wet;wet;wet;;;;;;;;;;;;;;1;;565;967;1532;1062;335;2556;5785;10606;16306;18037;43;54;110;139;126;282;418;858;1342;1745
svalbard;ADV;END;t4ds1;t4d;t4;s;s;s;s;n;n;4;153;;;;;;0;0;mwh;;wetland_graminoid;wet;wet;wet;wet;wet;;;;;;;;;;;;;;1;;565;967;1532;1062;335;2556;5785;10606;16306;18037;43;54;110;139;126;282;418;858;1342;1745
svalbard;ADV;END;t4ds2;t4d;t4;s;s;s;s;n;n;4;153;;;;;;0;0;mwh;;wetland_graminoid;wet;wet;wet;wet;wet;;;;;;;;;;;;;;1;;565;967;1532;1062;335;2556;5785;10606;16306;18037;43;54;110;139;126;282;418;858;1342;1745
svalbard;ADV;END;t4ds3;t4d;t4;s;s;s;s;n;n;4;153;;;;;;0;0;mwh;;wetland_graminoid;wet;wet;wet;wet;wet;;;;;;;;;;;;;;1;;565;967;1532;1062;335;2556;5785;10606;16306;18037;43;54;110;139;126;282;418;858;1342;1745
svalbard;ADV;END;t4ds4;t4d;t4;s;s;s;s;w;n;5;153;;;;;;0;0;mwh;bare-red;wetland_graminoid;wet;wet;wet;wet;wet;;;1;;;;;;;;;;;1;;565;967;1532;1062;335;2556;5785;10606;16306;18037;43;54;110;139;126;282;418;858;1342;1745
svalbard;ADV;END;t4dw1;t4d;t4;s;s;s;s;n;n;4;153;;;;;;0;0;mwh;;wetland_graminoid;wet;wet;wet;wet;wet;;;;;;;;;;;;;;1;;565;967;1532;1062;335;2556;5785;10606;16306;18037;43;54;110;139;126;282;418;858;1342;1745
svalbard;ADV;END;t4dw2;t4d;t4;s;s;s;s;n;n;4;153;;;;;;0;0;mwh;;wetland_graminoid;wet;wet;wet;wet;wet;;;;;;;;;;;;;;1;;565;967;1532;1062;335;2556;5785;10606;16306;18037;43;54;110;139;126;282;418;858;1342;1745
svalbard;ADV;END;t4dw3;t4d;t4;s;s;s;s;n;n;4;153;;;;;;0;0;mwh;;wetland_graminoid;wet;wet;wet;wet;wet;;;;;;;;;;;;;;1;;565;967;1532;1062;335;2556;5785;10606;16306;18037;43;54;110;139;126;282;418;858;1342;1745
svalbard;ADV;END;t4dw4;t4d;t4;s;s;s;n;n;n;3;150;;;;;;0;0;mwh;;wetland_graminoid;wet;wet;wet;wet;wet;;;;;;;;;;;;;;1;;565;967;1532;1062;335;2556;5785;10606;16306;18037;43;54;110;139;126;282;418;858;1342;1745
svalbard;ADV;END;t5an1;t5a;t5;b;b;p;b;b;b;0;134;;1;;138;138;1;1;mhb;;moss_herbaceous;mgr;moist;moist;moist;moist;;;;;;;;;;1;;;;;;565;967;1532;1062;335;2556;5785;10606;16306;18037;43;54;110;139;126;282;418;858;1342;1745
svalbard;ADV;END;t5an2;t5a;t5;n;n;n;n;n;n;0;134;;;;;;0;0;mh;;moss_herbaceous;mgr;moist;moist;moist;moist;;;;;;;;;;1;;;;;;565;967;1532;1062;335;2556;5785;10606;16306;18037;43;54;110;139;126;282;418;858;1342;1745
svalbard;ADV;END;t5an3;t5a;t5;p;n;p;p;n;n;0;138;;1;138;;138;1;0;mh;;moss_herbaceous;mgr;moist;moist;moist;moist;;;;;;;;;;1;;;;;;565;967;1532;1062;335;2556;5785;10606;16306;18037;43;54;110;139;126;282;418;858;1342;1745
svalbard;ADV;END;t5an4;t5a;t5;n;n;n;p;p;p;0;134;4;;150;;150;1;0;mh;;moss_herbaceous;mgr;moist;moist;moist;moist;;;;;;;;;;1;;;;;;565;967;1532;1062;335;2556;5785;10606;16306;18037;43;54;110;139;126;282;418;858;1342;1745
svalbard;ADV;END;t5ae1;t5a;t5;b;b;b;b;b;b;0;134;;1;;138;138;0;1;mhb;mh;moss_herbaceous;mgr;moist;moist;moist;moist;;;;;;;;;;1;;;;;;565;967;1532;1062;335;2556;5785;10606;16306;18037;43;54;110;139;126;282;418;858;1342;1745
svalbard;ADV;END;t5ae2;t5a;t5;n;n;n;p;p;p;0;134;4;;150;;150;1;0;mh;;moss_herbaceous;mgr;moist;moist;moist;moist;;;;;;;;;;1;;;;;;565;967;1532;1062;335;2556;5785;10606;16306;18037;43;54;110;139;126;282;418;858;1342;1745
svalbard;ADV;END;t5ae3;t5a;t5;n;n;n;n;n;p;0;134;;;;;;0;0;mh;;moss_herbaceous;mgr;moist;moist;moist;moist;;;;;;;;;;1;;;;;;565;967;1532;1062;335;2556;5785;10606;16306;18037;43;54;110;139;126;282;418;858;1342;1745
svalbard;ADV;END;t5ae4;t5a;t5;n;n;n;n;n;p;0;134;;;;;;0;0;mh;;moss_herbaceous;mgr;moist;moist;moist;moist;;;;;;;;;;1;;;;;;565;967;1532;1062;335;2556;5785;10606;16306;18037;43;54;110;139;126;282;418;858;1342;1745
svalbard;ADV;END;t5as1;t5a;t5;p;p;b;p;p;p;0;134;1;3;138;146;138;1;1;mh;;moss_herbaceous;mgr;moist;moist;moist;moist;;;;;;;;;;1;;;;;;565;967;1532;1062;335;2556;5785;10606;16306;18037;43;54;110;139;126;282;418;858;1342;1745
svalbard;ADV;END;t5as2;t5a;t5;b;b;b;b;b;b;0;138;;1;;138;138;0;1;mhb;mh;moss_herbaceous;mgr;moist;moist;moist;moist;;;;;;;;;;1;;;;;;565;967;1532;1062;335;2556;5785;10606;16306;18037;43;54;110;139;126;282;418;858;1342;1745
svalbard;ADV;END;t5as3;t5a;t5;s;n;p;p;p;n;1;142;3;;146;;146;1;0;mh;;moss_herbaceous;mgr;moist;moist;moist;moist;;;;;;;;;;1;;;;;;565;967;1532;1062;335;2556;5785;10606;16306;18037;43;54;110;139;126;282;418;858;1342;1745
svalbard;ADV;END;t5as4;t5a;t5;p;p;p;p;b;n;0;138;1;5;138;153;138;1;1;mh;;moss_herbaceous;mgr;moist;moist;moist;moist;;;;;;;;;;1;;;;;;565;967;1532;1062;335;2556;5785;10606;16306;18037;43;54;110;139;126;282;418;858;1342;1745
svalbard;ADV;END;t5aw1;t5a;t5;p;b;n;p;p;p;0;134;1;2;138;142;138;1;1;mh;;moss_herbaceous;mgr;moist;moist;moist;moist;;;;;;;;;;1;;;;;;565;967;1532;1062;335;2556;5785;10606;16306;18037;43;54;110;139;126;282;418;858;1342;1745
svalbard;ADV;END;t5aw2;t5a;t5;b;b;b;b;b;b;0;134;;1;;138;138;0;1;mhb;;moss_herbaceous;mgr;moist;moist;moist;moist;;;;;;;;;;1;;;;;;565;967;1532;1062;335;2556;5785;10606;16306;18037;43;54;110;139;126;282;418;858;1342;1745
svalbard;ADV;END;t5aw3;t5a;t5;p;p;p;p;p;p;0;134;1;;138;;138;1;0;mh;;moss_herbaceous;mgr;moist;moist;moist;moist;;;;;;;;;;1;;;;;;565;967;1532;1062;335;2556;5785;10606;16306;18037;43;54;110;139;126;282;418;858;1342;1745
svalbard;ADV;END;t5aw4;t5a;t5;n;p;p;n;p;n;0;138;2;;142;;142;1;0;mwh;;wetland_graminoid;wet;wet;wet;wet;wet;;;;;;;;;;;;;;1;;565;967;1532;1062;335;2556;5785;10606;16306;18037;43;54;110;139;126;282;418;858;1342;1745
svalbard;ADV;END;t5bn1;t5b;t5;b;b;b;b;b;b;0;134;;1;;138;138;0;1;mhb;;moss_herbaceous;mgr;moist;moist;moist;moist;;;;;;;;;;1;;;;;;565;967;1532;1062;335;2556;5785;10606;16306;18037;43;54;110;139;126;282;418;858;1342;1745
svalbard;ADV;END;t5bn2;t5b;t5;n;p;n;n;n;p;0;138;2;;142;;142;1;0;mh;;moss_herbaceous;mgr;moist;moist;moist;moist;;;;;;;;;;1;;;;;;565;967;1532;1062;335;2556;5785;10606;16306;18037;43;54;110;139;126;282;418;858;1342;1745
svalbard;ADV;END;t5bn3;t5b;t5;p;n;p;p;n;n;0;138;1;;138;;138;1;0;mh;;moss_herbaceous;mgr;moist;moist;moist;moist;;;;;;;;;;1;;;;;;565;967;1532;1062;335;2556;5785;10606;16306;18037;43;54;110;139;126;282;418;858;1342;1745
svalbard;ADV;END;t5bn4;t5b;t5;n;n;n;n;p;n;0;138;5;;153;;153;1;0;mh;c;moss_herbaceous;mgr;moist;moist;moist;moist;;1;;;;;;;;1;;;;;;565;967;1532;1062;335;2556;5785;10606;16306;18037;43;54;110;139;126;282;418;858;1342;1745
svalbard;ADV;END;t5be1;t5b;t5;b;b;b;b;b;b;0;134;;1;;138;138;0;1;mhb;;moss_herbaceous;mgr;moist;moist;moist;moist;;;;;;;;;;1;;;;;;565;967;1532;1062;335;2556;5785;10606;16306;18037;43;54;110;139;126;282;418;858;1342;1745
svalbard;ADV;END;t5be2;t5b;t5;n;b;b;b;b;p;0;138;;2;;142;142;0;1;mhb;;moss_herbaceous;mgr;moist;moist;moist;moist;;;;;;;;;;1;;;;;;565;967;1532;1062;335;2556;5785;10606;16306;18037;43;54;110;139;126;282;418;858;1342;1745
svalbard;ADV;END;t5be3;t5b;t5;n;b;b;b;b;b;0;138;;2;;142;142;0;1;mhb;;moss_herbaceous;mgr;moist;moist;moist;moist;;;;;;;;;;1;;;;;;565;967;1532;1062;335;2556;5785;10606;16306;18037;43;54;110;139;126;282;418;858;1342;1745
svalbard;ADV;END;t5be4;t5b;t5;p;n;n;p;n;p;0;138;1;;138;;138;1;0;mh;;moss_herbaceous;mgr;moist;moist;moist;moist;;;;;;;;;;1;;;;;;565;967;1532;1062;335;2556;5785;10606;16306;18037;43;54;110;139;126;282;418;858;1342;1745
svalbard;ADV;END;t5bs1;t5b;t5;b;b;p;b;b;b;0;134;;1;;138;138;1;1;mhb;;moss_herbaceous;mgr;moist;moist;moist;moist;;;;;;;;;;1;;;;;;565;967;1532;1062;335;2556;5785;10606;16306;18037;43;54;110;139;126;282;418;858;1342;1745
svalbard;ADV;END;t5bs2;t5b;t5;n;b;b;b;b;b;0;138;;2;;142;142;0;1;mhb;;moss_herbaceous;mgr;moist;moist;moist;moist;;;;;;;;;;1;;;;;;565;967;1532;1062;335;2556;5785;10606;16306;18037;43;54;110;139;126;282;418;858;1342;1745
svalbard;ADV;END;t5bs3;t5b;t5;s;p;p;p;p;b;1;142;1;;142;;142;1;0;mhb;mh;moss_herbaceous;mgr;moist;moist;moist;moist;;;;;;;;;;1;;;;;;565;967;1532;1062;335;2556;5785;10606;16306;18037;43;54;110;139;126;282;418;858;1342;1745
svalbard;ADV;END;t5bs4;t5b;t5;n;b;b;p;b;b;0;138;;2;;142;142;0;1;mh;mh;moss_herbaceous;mgr;moist;moist;moist;moist;;;;;;;;;;1;;;;;;565;967;1532;1062;335;2556;5785;10606;16306;18037;43;54;110;139;126;282;418;858;1342;1745
svalbard;ADV;END;t5bw1;t5b;t5;b;b;b;b;b;b;0;134;;1;;138;138;0;1;mhb;;moss_herbaceous;mgr;moist;moist;moist;moist;;;;;;;;;;1;;;;;;565;967;1532;1062;335;2556;5785;10606;16306;18037;43;54;110;139;126;282;418;858;1342;1745
svalbard;ADV;END;t5bw2;t5b;t5;b;b;b;p;n;n;0;134;;1;;138;138;0;1;mh;;moss_herbaceous;mgr;moist;moist;moist;moist;;;;;;;;;;1;;;;;;565;967;1532;1062;335;2556;5785;10606;16306;18037;43;54;110;139;126;282;418;858;1342;1745
svalbard;ADV;END;t5bw3;t5b;t5;b;p;b;p;n;p;0;138;;1;;138;138;0;1;mh;;moss_herbaceous;mgr;moist;moist;moist;moist;;;;;;;;;;1;;;;;;565;967;1532;1062;335;2556;5785;10606;16306;18037;43;54;110;139;126;282;418;858;1342;1745
svalbard;ADV;END;t5bw4;t5b;t5;b;b;b;b;b;p;0;138;;1;;138;138;0;1;mh;;moss_herbaceous;mgr;moist;moist;moist;moist;;;;;;;;;;1;;;;;;565;967;1532;1062;335;2556;5785;10606;16306;18037;43;54;110;139;126;282;418;858;1342;1745
svalbard;ADV;END;t5cn1;t5c;t5;s;s;s;s;w;b;5;153;;;;;;0;0;mwh;;wetland_graminoid;wet;wet;wet;wet;wet;;;;;;;;;;;;;;1;;565;967;1532;1062;335;2556;5785;10606;16306;18037;43;54;110;139;126;282;418;858;1342;1745
svalbard;ADV;END;t5cn2;t5c;t5;s;s;s;b;b;b;3;150;;1;;150;150;0;1;mhb;;moss_herbaceous;mgr;moist;moist;moist;moist;;;;;;;;;;1;;;;;;565;967;1532;1062;335;2556;5785;10606;16306;18037;43;54;110;139;126;282;418;858;1342;1745
svalbard;ADV;END;t5cn3;t5c;t5;s;s;s;p;b;b;3;150;1;2;150;153;150;1;1;mwh;;wetland_graminoid;wet;wet;wet;wet;wet;;;;;;;;;;;;;;1;;565;967;1532;1062;335;2556;5785;10606;16306;18037;43;54;110;139;126;282;418;858;1342;1745
svalbard;ADV;END;t5cn4;t5c;t5;s;s;s;n;b;b;3;150;;2;;153;153;0;1;mhb;;moss_herbaceous;mgr;moist;moist;moist;moist;;;;;;;;;;1;;;;;;565;967;1532;1062;335;2556;5785;10606;16306;18037;43;54;110;139;126;282;418;858;1342;1745
svalbard;ADV;END;t5ce1;t5c;t5;s;s;s;s;w;p;5;153;;;;;;0;0;mwh;;wetland_graminoid;wet;wet;wet;wet;wet;;;;;;;;;;;;;;1;;565;967;1532;1062;335;2556;5785;10606;16306;18037;43;54;110;139;126;282;418;858;1342;1745
svalbard;ADV;END;t5ce2;t5c;t5;s;s;s;n;w;p;3;150;;;;;;0;0;mwh;;wetland_graminoid;wet;wet;wet;wet;wet;;;;;;;;;;;;;;1;;565;967;1532;1062;335;2556;5785;10606;16306;18037;43;54;110;139;126;282;418;858;1342;1745
svalbard;ADV;END;t5ce3;t5c;t5;s;s;s;p;n;p;3;150;1;;150;;150;1;0;mh;;moss_herbaceous;mgr;moist;moist;moist;moist;;;;;;;;;;1;;;;;;565;967;1532;1062;335;2556;5785;10606;16306;18037;43;54;110;139;126;282;418;858;1342;1745
svalbard;ADV;END;t5ce4;t5c;t5;s;s;s;n;n;n;3;150;;;;;;0;0;mh;;moss_herbaceous;mgr;moist;moist;moist;moist;;;;;;;;;;1;;;;;;565;967;1532;1062;335;2556;5785;10606;16306;18037;43;54;110;139;126;282;418;858;1342;1745
svalbard;ADV;END;t5cs1;t5c;t5;s;n;s;p;b;b;3;142;;1;;153;153;0;1;mhb;mh;moss_herbaceous;mgr;moist;moist;moist;moist;;;;;;;;;;1;;;;;;565;967;1532;1062;335;2556;5785;10606;16306;18037;43;54;110;139;126;282;418;858;1342;1745
svalbard;ADV;END;t5cs2;t5c;t5;s;s;s;s;b;b;4;153;;1;;153;153;0;1;mwb;mw;wetland_moss;wet;wet;wet;wet;wet;;;;;;;;;;;;1;;;;565;967;1532;1062;335;2556;5785;10606;16306;18037;43;54;110;139;126;282;418;858;1342;1745
svalbard;ADV;END;t5cs3;t5c;t5;s;s;s;b;n;b;3;150;;1;;150;150;0;1;mhb;;moss_herbaceous;mgr;moist;moist;moist;moist;;;;;;;;;;1;;;;;;565;967;1532;1062;335;2556;5785;10606;16306;18037;43;54;110;139;126;282;418;858;1342;1745
svalbard;ADV;END;t5cs4;t5c;t5;s;s;s;p;p;n;3;150;1;;150;;150;1;0;c;;moss_herbaceous;cru;na;na;moist;moist;;1;;;;;;;;;;;;;;565;967;1532;1062;335;2556;5785;10606;16306;18037;43;54;110;139;126;282;418;858;1342;1745
svalbard;ADV;END;t5cw1;t5c;t5;s;s;s;s;w;b;5;153;;;;;;0;0;mwh;;wetland_graminoid;wet;wet;wet;wet;wet;;;;;;;;;;;;;;1;;565;967;1532;1062;335;2556;5785;10606;16306;18037;43;54;110;139;126;282;418;858;1342;1745
svalbard;ADV;END;t5cw2;t5c;t5;s;s;s;b;b;b;3;150;;1;;150;150;0;1;mhb;mh;moss_herbaceous;mgr;moist;moist;moist;moist;;;;;;;;;;1;;;;;;565;967;1532;1062;335;2556;5785;10606;16306;18037;43;54;110;139;126;282;418;858;1342;1745
svalbard;ADV;END;t5cw3;t5c;t5;s;s;s;n;p;p;3;150;2;;153;;153;1;0;mh;;moss_herbaceous;mgr;moist;moist;moist;moist;;;;;;;;;;1;;;;;;565;967;1532;1062;335;2556;5785;10606;16306;18037;43;54;110;139;126;282;418;858;1342;1745
svalbard;ADV;END;t5cw4;t5c;t5;s;s;s;n;p;n;3;150;2;;153;;153;1;0;mh;;moss_herbaceous;mgr;moist;moist;moist;moist;;;;;;;;;;1;;;;;;565;967;1532;1062;335;2556;5785;10606;16306;18037;43;54;110;139;126;282;418;858;1342;1745
svalbard;ADV;END;t5dn1;t5d;t5;s;s;s;s;w;n;5;153;;;;;;0;0;mwh;w;wetland_graminoid;wet;wet;wet;wet;wet;;;;;;;;;;;;;;1;1;565;967;1532;1062;335;2556;5785;10606;16306;18037;43;54;110;139;126;282;418;858;1342;1745
svalbard;ADV;END;t5dn2;t5d;t5;s;s;s;s;w;n;5;153;;;;;;0;0;mwh;w;wetland_graminoid;wet;wet;wet;wet;wet;;;;;;;;;;;;;;1;1;565;967;1532;1062;335;2556;5785;10606;16306;18037;43;54;110;139;126;282;418;858;1342;1745
svalbard;ADV;END;t5dn3;t5d;t5;s;s;s;s;w;n;5;153;;;;;;0;0;w;;wetland_graminoid;wat;na;na;wet;wet;;;;;;;;;;;;;;;1;565;967;1532;1062;335;2556;5785;10606;16306;18037;43;54;110;139;126;282;418;858;1342;1745
svalbard;ADV;END;t5dn4;t5d;t5;s;s;s;s;w;n;5;153;;;;;;0;0;wh;;wetland_graminoid;wet;wet;wet;wet;wet;;;;;;;;;;;;;;1;;565;967;1532;1062;335;2556;5785;10606;16306;18037;43;54;110;139;126;282;418;858;1342;1745
svalbard;ADV;END;t5de1;t5d;t5;s;s;s;s;w;n;5;153;;;;;;0;0;w;;wetland_graminoid;wat;na;na;wet;wet;;;;;;;;;;;;;;;1;565;967;1532;1062;335;2556;5785;10606;16306;18037;43;54;110;139;126;282;418;858;1342;1745
svalbard;ADV;END;t5de2;t5d;t5;s;s;s;s;n;p;4;153;;;;;;0;0;mwh;;wetland_graminoid;wet;wet;wet;wet;wet;;;;;;;;;;;;;;1;;565;967;1532;1062;335;2556;5785;10606;16306;18037;43;54;110;139;126;282;418;858;1342;1745
svalbard;ADV;END;t5de3;t5d;t5;s;s;s;s;n;p;4;153;;;;;;0;0;mwh;;wetland_graminoid;wet;wet;wet;wet;wet;;;;;;;;;;;;;;1;;565;967;1532;1062;335;2556;5785;10606;16306;18037;43;54;110;139;126;282;418;858;1342;1745
svalbard;ADV;END;t5de4;t5d;t5;s;s;s;s;n;n;4;153;;;;;;0;0;mh;;moss_herbaceous;mgr;moist;moist;moist;moist;;;;;;;;;;1;;;;;;565;967;1532;1062;335;2556;5785;10606;16306;18037;43;54;110;139;126;282;418;858;1342;1745
svalbard;ADV;END;t5ds1;t5d;t5;s;s;s;s;n;p;4;153;;;;;;0;0;mwh;;wetland_graminoid;wet;wet;wet;wet;wet;;;;;;;;;;;;;;1;;565;967;1532;1062;335;2556;5785;10606;16306;18037;43;54;110;139;126;282;418;858;1342;1745
svalbard;ADV;END;t5ds2;t5d;t5;s;s;s;s;n;p;4;153;;;;;;0;0;mwh;;wetland_graminoid;wet;wet;wet;wet;wet;;;;;;;;;;;;;;1;;565;967;1532;1062;335;2556;5785;10606;16306;18037;43;54;110;139;126;282;418;858;1342;1745
svalbard;ADV;END;t5ds3;t5d;t5;s;s;s;s;w;n;4;153;;;;;;0;0;mwh;;wetland_graminoid;wet;wet;wet;wet;wet;;;;;;;;;;;;;;1;;565;967;1532;1062;335;2556;5785;10606;16306;18037;43;54;110;139;126;282;418;858;1342;1745
svalbard;ADV;END;t5ds4;t5d;t5;s;s;s;s;n;b;4;153;;;;;;0;0;mwhb;mwb;wetland_graminoid;wet;wet;wet;wet;wet;;;;;;;;;;;;1;;1;;565;967;1532;1062;335;2556;5785;10606;16306;18037;43;54;110;139;126;282;418;858;1342;1745
svalbard;ADV;END;t5dw1;t5d;t5;s;s;s;s;n;n;4;153;;;;;;0;0;mwh;;wetland_graminoid;wet;wet;wet;wet;wet;;;;;;;;;;;;;;1;;565;967;1532;1062;335;2556;5785;10606;16306;18037;43;54;110;139;126;282;418;858;1342;1745
svalbard;ADV;END;t5dw2;t5d;t5;s;s;s;n;n;p;3;150;;;;;;0;0;mh;;moss_herbaceous;mgr;moist;moist;moist;moist;;;;;;;;;;1;;;;;;565;967;1532;1062;335;2556;5785;10606;16306;18037;43;54;110;139;126;282;418;858;1342;1745
svalbard;ADV;END;t5dw3;t5d;t5;s;s;s;s;n;n;4;153;;;;;;0;0;mh;;moss_herbaceous;mgr;moist;moist;moist;moist;;;;;;;;;;1;;;;;;565;967;1532;1062;335;2556;5785;10606;16306;18037;43;54;110;139;126;282;418;858;1342;1745
svalbard;ADV;END;t5dw4;t5d;t5;s;s;s;n;n;n;3;150;;;;;;0;0;mwh;;wetland_graminoid;wet;wet;wet;wet;wet;;;;;;;;;;;;;;1;;565;967;1532;1062;335;2556;5785;10606;16306;18037;43;54;110;139;126;282;418;858;1342;1745
